outer_fold,trial_id,session_id,y_true,y_pred,abs_error
1,23a477dd-d8b8-42c6-adbe-47f39ed77952__vr428__eeg429__row0,23a477dd-d8b8-42c6-adbe-47f39ed77952,5.909538269042969,4.38398551940918,1.525552749633789
1,23a477dd-d8b8-42c6-adbe-47f39ed77952__vr429__eeg430__row1,23a477dd-d8b8-42c6-adbe-47f39ed77952,6.8498687744140625,3.704256534576416,3.1456122398376465
1,23a477dd-d8b8-42c6-adbe-47f39ed77952__vr430__eeg431__row2,23a477dd-d8b8-42c6-adbe-47f39ed77952,8.824183464050293,5.064570903778076,3.759612560272217
1,23a477dd-d8b8-42c6-adbe-47f39ed77952__vr431__eeg432__row3,23a477dd-d8b8-42c6-adbe-47f39ed77952,3.670319080352783,4.204348087310791,0.5340290069580078
1,23a477dd-d8b8-42c6-adbe-47f39ed77952__vr432__eeg433__row4,23a477dd-d8b8-42c6-adbe-47f39ed77952,14.016182899475098,7.1743903160095215,6.841792583465576
1,23a477dd-d8b8-42c6-adbe-47f39ed77952__vr433__eeg434__row5,23a477dd-d8b8-42c6-adbe-47f39ed77952,6.546934604644775,6.224949836730957,0.32198476791381836
1,23a477dd-d8b8-42c6-adbe-47f39ed77952__vr434__eeg435__row6,23a477dd-d8b8-42c6-adbe-47f39ed77952,7.944077968597412,4.515953063964844,3.4281249046325684
1,23a477dd-d8b8-42c6-adbe-47f39ed77952__vr435__eeg436__row7,23a477dd-d8b8-42c6-adbe-47f39ed77952,3.5052387714385986,3.814023494720459,0.30878472328186035
1,23a477dd-d8b8-42c6-adbe-47f39ed77952__vr436__eeg437__row8,23a477dd-d8b8-42c6-adbe-47f39ed77952,2.9241783618927,4.403692722320557,1.4795143604278564
1,23a477dd-d8b8-42c6-adbe-47f39ed77952__vr437__eeg438__row9,23a477dd-d8b8-42c6-adbe-47f39ed77952,5.170354843139648,3.720370292663574,1.4499845504760742
1,23a477dd-d8b8-42c6-adbe-47f39ed77952__vr438__eeg439__row10,23a477dd-d8b8-42c6-adbe-47f39ed77952,7.09128475189209,5.729572772979736,1.3617119789123535
1,23a477dd-d8b8-42c6-adbe-47f39ed77952__vr439__eeg440__row11,23a477dd-d8b8-42c6-adbe-47f39ed77952,6.40018367767334,6.285201549530029,0.11498212814331055
1,23a477dd-d8b8-42c6-adbe-47f39ed77952__vr440__eeg441__row12,23a477dd-d8b8-42c6-adbe-47f39ed77952,6.240258693695068,7.303469181060791,1.0632104873657227
1,23a477dd-d8b8-42c6-adbe-47f39ed77952__vr441__eeg442__row13,23a477dd-d8b8-42c6-adbe-47f39ed77952,8.519593238830566,4.880487442016602,3.639105796813965
1,23a477dd-d8b8-42c6-adbe-47f39ed77952__vr442__eeg443__row14,23a477dd-d8b8-42c6-adbe-47f39ed77952,4.075468063354492,4.522527694702148,0.44705963134765625
1,23a477dd-d8b8-42c6-adbe-47f39ed77952__vr443__eeg444__row15,23a477dd-d8b8-42c6-adbe-47f39ed77952,5.554999828338623,3.627565383911133,1.9274344444274902
1,23a477dd-d8b8-42c6-adbe-47f39ed77952__vr444__eeg445__row16,23a477dd-d8b8-42c6-adbe-47f39ed77952,4.083784103393555,3.667268753051758,0.4165153503417969
1,23a477dd-d8b8-42c6-adbe-47f39ed77952__vr445__eeg446__row17,23a477dd-d8b8-42c6-adbe-47f39ed77952,6.545230865478516,4.918447017669678,1.626783847808838
1,23a477dd-d8b8-42c6-adbe-47f39ed77952__vr446__eeg447__row18,23a477dd-d8b8-42c6-adbe-47f39ed77952,3.8403124809265137,4.499813556671143,0.6595010757446289
1,23a477dd-d8b8-42c6-adbe-47f39ed77952__vr447__eeg448__row19,23a477dd-d8b8-42c6-adbe-47f39ed77952,4.011498928070068,6.468531131744385,2.4570322036743164
1,23a477dd-d8b8-42c6-adbe-47f39ed77952__vr448__eeg449__row20,23a477dd-d8b8-42c6-adbe-47f39ed77952,5.641160011291504,5.577340602874756,0.06381940841674805
1,23a477dd-d8b8-42c6-adbe-47f39ed77952__vr449__eeg450__row21,23a477dd-d8b8-42c6-adbe-47f39ed77952,7.598884582519531,3.8094964027404785,3.7893881797790527
1,23a477dd-d8b8-42c6-adbe-47f39ed77952__vr450__eeg451__row22,23a477dd-d8b8-42c6-adbe-47f39ed77952,3.0034520626068115,3.4709601402282715,0.46750807762145996
1,23a477dd-d8b8-42c6-adbe-47f39ed77952__vr451__eeg452__row23,23a477dd-d8b8-42c6-adbe-47f39ed77952,7.845552921295166,5.028484344482422,2.817068576812744
1,23a477dd-d8b8-42c6-adbe-47f39ed77952__vr452__eeg453__row24,23a477dd-d8b8-42c6-adbe-47f39ed77952,4.660768985748291,4.196214199066162,0.4645547866821289
1,23a477dd-d8b8-42c6-adbe-47f39ed77952__vr453__eeg454__row25,23a477dd-d8b8-42c6-adbe-47f39ed77952,5.445356369018555,6.710190296173096,1.264833927154541
1,23a477dd-d8b8-42c6-adbe-47f39ed77952__vr454__eeg455__row26,23a477dd-d8b8-42c6-adbe-47f39ed77952,6.2011213302612305,3.9492239952087402,2.2518973350524902
1,23a477dd-d8b8-42c6-adbe-47f39ed77952__vr455__eeg456__row27,23a477dd-d8b8-42c6-adbe-47f39ed77952,3.310391902923584,4.796191692352295,1.485799789428711
1,23a477dd-d8b8-42c6-adbe-47f39ed77952__vr456__eeg457__row28,23a477dd-d8b8-42c6-adbe-47f39ed77952,5.480113983154297,4.66047477722168,0.8196392059326172
1,23a477dd-d8b8-42c6-adbe-47f39ed77952__vr457__eeg458__row29,23a477dd-d8b8-42c6-adbe-47f39ed77952,7.008736610412598,4.705959796905518,2.30277681350708
1,23a477dd-d8b8-42c6-adbe-47f39ed77952__vr458__eeg459__row30,23a477dd-d8b8-42c6-adbe-47f39ed77952,17.531469345092773,6.975343704223633,10.55612564086914
1,ad87efc0-28f6-4acc-8ec2-a5f449e974bc__vr132__eeg132__row387,ad87efc0-28f6-4acc-8ec2-a5f449e974bc,5.046189785003662,4.0613298416137695,0.9848599433898926
1,ad87efc0-28f6-4acc-8ec2-a5f449e974bc__vr133__eeg133__row388,ad87efc0-28f6-4acc-8ec2-a5f449e974bc,6.857386112213135,5.804103374481201,1.0532827377319336
1,ad87efc0-28f6-4acc-8ec2-a5f449e974bc__vr134__eeg134__row389,ad87efc0-28f6-4acc-8ec2-a5f449e974bc,9.58749771118164,7.309706687927246,2.2777910232543945
1,ad87efc0-28f6-4acc-8ec2-a5f449e974bc__vr136__eeg135__row390,ad87efc0-28f6-4acc-8ec2-a5f449e974bc,7.838021278381348,6.264764785766602,1.573256492614746
1,ad87efc0-28f6-4acc-8ec2-a5f449e974bc__vr137__eeg136__row391,ad87efc0-28f6-4acc-8ec2-a5f449e974bc,4.240532398223877,3.7684125900268555,0.4721198081970215
1,ad87efc0-28f6-4acc-8ec2-a5f449e974bc__vr138__eeg137__row392,ad87efc0-28f6-4acc-8ec2-a5f449e974bc,5.26842737197876,5.057055950164795,0.21137142181396484
1,ad87efc0-28f6-4acc-8ec2-a5f449e974bc__vr139__eeg138__row393,ad87efc0-28f6-4acc-8ec2-a5f449e974bc,5.825178146362305,8.074553489685059,2.249375343322754
1,ad87efc0-28f6-4acc-8ec2-a5f449e974bc__vr140__eeg139__row394,ad87efc0-28f6-4acc-8ec2-a5f449e974bc,6.249333381652832,4.261238098144531,1.9880952835083008
1,ad87efc0-28f6-4acc-8ec2-a5f449e974bc__vr141__eeg140__row395,ad87efc0-28f6-4acc-8ec2-a5f449e974bc,4.931975364685059,4.571704864501953,0.36027050018310547
1,ad87efc0-28f6-4acc-8ec2-a5f449e974bc__vr142__eeg141__row396,ad87efc0-28f6-4acc-8ec2-a5f449e974bc,11.990226745605469,9.71796703338623,2.2722597122192383
1,ad87efc0-28f6-4acc-8ec2-a5f449e974bc__vr143__eeg142__row397,ad87efc0-28f6-4acc-8ec2-a5f449e974bc,8.04245376586914,5.664077281951904,2.3783764839172363
1,ad87efc0-28f6-4acc-8ec2-a5f449e974bc__vr144__eeg143__row398,ad87efc0-28f6-4acc-8ec2-a5f449e974bc,9.856919288635254,7.450860500335693,2.4060587882995605
1,ad87efc0-28f6-4acc-8ec2-a5f449e974bc__vr145__eeg144__row399,ad87efc0-28f6-4acc-8ec2-a5f449e974bc,2.1751794815063477,4.9109954833984375,2.73581600189209
1,ad87efc0-28f6-4acc-8ec2-a5f449e974bc__vr146__eeg145__row400,ad87efc0-28f6-4acc-8ec2-a5f449e974bc,6.224842071533203,5.740972995758057,0.4838690757751465
1,ad87efc0-28f6-4acc-8ec2-a5f449e974bc__vr147__eeg146__row401,ad87efc0-28f6-4acc-8ec2-a5f449e974bc,5.0617451667785645,4.632620811462402,0.4291243553161621
1,ad87efc0-28f6-4acc-8ec2-a5f449e974bc__vr148__eeg147__row402,ad87efc0-28f6-4acc-8ec2-a5f449e974bc,6.626461505889893,6.224433422088623,0.40202808380126953
1,ad87efc0-28f6-4acc-8ec2-a5f449e974bc__vr149__eeg148__row403,ad87efc0-28f6-4acc-8ec2-a5f449e974bc,6.824888706207275,5.88739013671875,0.9374985694885254
1,ad87efc0-28f6-4acc-8ec2-a5f449e974bc__vr150__eeg149__row404,ad87efc0-28f6-4acc-8ec2-a5f449e974bc,9.768888473510742,9.893049240112305,0.1241607666015625
1,ad87efc0-28f6-4acc-8ec2-a5f449e974bc__vr151__eeg150__row405,ad87efc0-28f6-4acc-8ec2-a5f449e974bc,3.157461166381836,4.777468204498291,1.620007038116455
1,ad87efc0-28f6-4acc-8ec2-a5f449e974bc__vr152__eeg151__row406,ad87efc0-28f6-4acc-8ec2-a5f449e974bc,3.2492308616638184,5.760566234588623,2.5113353729248047
1,ad87efc0-28f6-4acc-8ec2-a5f449e974bc__vr153__eeg152__row407,ad87efc0-28f6-4acc-8ec2-a5f449e974bc,6.935351371765137,6.569913864135742,0.36543750762939453
1,ad87efc0-28f6-4acc-8ec2-a5f449e974bc__vr154__eeg153__row408,ad87efc0-28f6-4acc-8ec2-a5f449e974bc,5.391355514526367,7.678340435028076,2.286984920501709
1,ad87efc0-28f6-4acc-8ec2-a5f449e974bc__vr155__eeg154__row409,ad87efc0-28f6-4acc-8ec2-a5f449e974bc,5.949464321136475,4.20823860168457,1.7412257194519043
1,ad87efc0-28f6-4acc-8ec2-a5f449e974bc__vr156__eeg155__row410,ad87efc0-28f6-4acc-8ec2-a5f449e974bc,7.15159797668457,5.4792094230651855,1.6723885536193848
1,ad87efc0-28f6-4acc-8ec2-a5f449e974bc__vr157__eeg156__row411,ad87efc0-28f6-4acc-8ec2-a5f449e974bc,4.9521636962890625,4.129345417022705,0.8228182792663574
1,ad87efc0-28f6-4acc-8ec2-a5f449e974bc__vr158__eeg157__row412,ad87efc0-28f6-4acc-8ec2-a5f449e974bc,8.039265632629395,8.179636001586914,0.14037036895751953
1,ad87efc0-28f6-4acc-8ec2-a5f449e974bc__vr159__eeg158__row413,ad87efc0-28f6-4acc-8ec2-a5f449e974bc,12.291631698608398,9.711146354675293,2.5804853439331055
1,ad87efc0-28f6-4acc-8ec2-a5f449e974bc__vr160__eeg159__row414,ad87efc0-28f6-4acc-8ec2-a5f449e974bc,5.046075820922852,5.835262775421143,0.789186954498291
1,ad87efc0-28f6-4acc-8ec2-a5f449e974bc__vr161__eeg160__row415,ad87efc0-28f6-4acc-8ec2-a5f449e974bc,8.333889961242676,9.176433563232422,0.8425436019897461
1,ad87efc0-28f6-4acc-8ec2-a5f449e974bc__vr162__eeg161__row416,ad87efc0-28f6-4acc-8ec2-a5f449e974bc,9.377577781677246,8.86291790008545,0.5146598815917969
1,ad87efc0-28f6-4acc-8ec2-a5f449e974bc__vr163__eeg162__row417,ad87efc0-28f6-4acc-8ec2-a5f449e974bc,9.249667167663574,4.824756145477295,4.424911022186279
1,ad87efc0-28f6-4acc-8ec2-a5f449e974bc__vr164__eeg163__row418,ad87efc0-28f6-4acc-8ec2-a5f449e974bc,4.258723258972168,4.1162285804748535,0.14249467849731445
1,ad87efc0-28f6-4acc-8ec2-a5f449e974bc__vr165__eeg164__row419,ad87efc0-28f6-4acc-8ec2-a5f449e974bc,6.1942009925842285,3.7995095252990723,2.3946914672851562
1,ad87efc0-28f6-4acc-8ec2-a5f449e974bc__vr166__eeg165__row420,ad87efc0-28f6-4acc-8ec2-a5f449e974bc,3.961113929748535,5.078344345092773,1.1172304153442383
1,ad87efc0-28f6-4acc-8ec2-a5f449e974bc__vr167__eeg166__row421,ad87efc0-28f6-4acc-8ec2-a5f449e974bc,3.4385764598846436,5.1630024909973145,1.724426031112671
1,ad87efc0-28f6-4acc-8ec2-a5f449e974bc__vr168__eeg167__row422,ad87efc0-28f6-4acc-8ec2-a5f449e974bc,6.347785949707031,5.5862250328063965,0.7615609169006348
1,ad87efc0-28f6-4acc-8ec2-a5f449e974bc__vr169__eeg168__row423,ad87efc0-28f6-4acc-8ec2-a5f449e974bc,5.444458961486816,4.97779655456543,0.4666624069213867
1,ad87efc0-28f6-4acc-8ec2-a5f449e974bc__vr170__eeg169__row424,ad87efc0-28f6-4acc-8ec2-a5f449e974bc,8.58709716796875,7.479960918426514,1.1071362495422363
1,ad87efc0-28f6-4acc-8ec2-a5f449e974bc__vr171__eeg170__row425,ad87efc0-28f6-4acc-8ec2-a5f449e974bc,4.7688212394714355,5.833648681640625,1.0648274421691895
1,ad87efc0-28f6-4acc-8ec2-a5f449e974bc__vr172__eeg171__row426,ad87efc0-28f6-4acc-8ec2-a5f449e974bc,9.329582214355469,8.346081733703613,0.9835004806518555
1,ad87efc0-28f6-4acc-8ec2-a5f449e974bc__vr173__eeg172__row427,ad87efc0-28f6-4acc-8ec2-a5f449e974bc,4.491247653961182,5.290128707885742,0.7988810539245605
1,ad87efc0-28f6-4acc-8ec2-a5f449e974bc__vr174__eeg173__row428,ad87efc0-28f6-4acc-8ec2-a5f449e974bc,3.71040940284729,6.085944652557373,2.375535249710083
1,ad87efc0-28f6-4acc-8ec2-a5f449e974bc__vr175__eeg174__row429,ad87efc0-28f6-4acc-8ec2-a5f449e974bc,4.029473781585693,6.077946662902832,2.0484728813171387
1,ad87efc0-28f6-4acc-8ec2-a5f449e974bc__vr176__eeg175__row430,ad87efc0-28f6-4acc-8ec2-a5f449e974bc,11.0,7.122989177703857,3.8770108222961426
1,ad87efc0-28f6-4acc-8ec2-a5f449e974bc__vr177__eeg176__row431,ad87efc0-28f6-4acc-8ec2-a5f449e974bc,6.473220348358154,4.662116527557373,1.8111038208007812
1,ad87efc0-28f6-4acc-8ec2-a5f449e974bc__vr178__eeg177__row432,ad87efc0-28f6-4acc-8ec2-a5f449e974bc,6.333269119262695,6.881387710571289,0.5481185913085938
1,ad87efc0-28f6-4acc-8ec2-a5f449e974bc__vr179__eeg178__row433,ad87efc0-28f6-4acc-8ec2-a5f449e974bc,5.1063313484191895,4.924308776855469,0.1820225715637207
1,ad87efc0-28f6-4acc-8ec2-a5f449e974bc__vr180__eeg179__row434,ad87efc0-28f6-4acc-8ec2-a5f449e974bc,6.0163068771362305,6.1127848625183105,0.09647798538208008
1,ad87efc0-28f6-4acc-8ec2-a5f449e974bc__vr181__eeg180__row435,ad87efc0-28f6-4acc-8ec2-a5f449e974bc,4.017391204833984,5.611973285675049,1.5945820808410645
1,ad87efc0-28f6-4acc-8ec2-a5f449e974bc__vr182__eeg181__row436,ad87efc0-28f6-4acc-8ec2-a5f449e974bc,6.4423089027404785,5.305086612701416,1.1372222900390625
1,ad87efc0-28f6-4acc-8ec2-a5f449e974bc__vr183__eeg182__row437,ad87efc0-28f6-4acc-8ec2-a5f449e974bc,5.897718906402588,7.05940580368042,1.161686897277832
1,ad87efc0-28f6-4acc-8ec2-a5f449e974bc__vr184__eeg183__row438,ad87efc0-28f6-4acc-8ec2-a5f449e974bc,9.29257869720459,8.428548812866211,0.8640298843383789
1,ad87efc0-28f6-4acc-8ec2-a5f449e974bc__vr185__eeg185__row439,ad87efc0-28f6-4acc-8ec2-a5f449e974bc,5.4069013595581055,4.644039630889893,0.7628617286682129
1,ad87efc0-28f6-4acc-8ec2-a5f449e974bc__vr186__eeg186__row440,ad87efc0-28f6-4acc-8ec2-a5f449e974bc,10.995701789855957,9.055529594421387,1.9401721954345703
1,ad87efc0-28f6-4acc-8ec2-a5f449e974bc__vr187__eeg187__row441,ad87efc0-28f6-4acc-8ec2-a5f449e974bc,8.02529525756836,5.067305088043213,2.9579901695251465
1,ad87efc0-28f6-4acc-8ec2-a5f449e974bc__vr188__eeg188__row442,ad87efc0-28f6-4acc-8ec2-a5f449e974bc,5.876506328582764,4.151238441467285,1.7252678871154785
1,ad87efc0-28f6-4acc-8ec2-a5f449e974bc__vr189__eeg189__row443,ad87efc0-28f6-4acc-8ec2-a5f449e974bc,4.666779041290283,4.748441696166992,0.08166265487670898
1,ad87efc0-28f6-4acc-8ec2-a5f449e974bc__vr190__eeg190__row444,ad87efc0-28f6-4acc-8ec2-a5f449e974bc,2.796781539916992,4.190732002258301,1.3939504623413086
1,ad87efc0-28f6-4acc-8ec2-a5f449e974bc__vr191__eeg191__row445,ad87efc0-28f6-4acc-8ec2-a5f449e974bc,8.502012252807617,8.391414642333984,0.11059761047363281
1,ad87efc0-28f6-4acc-8ec2-a5f449e974bc__vr192__eeg192__row446,ad87efc0-28f6-4acc-8ec2-a5f449e974bc,3.6608731746673584,4.461219787597656,0.8003466129302979
1,ad87efc0-28f6-4acc-8ec2-a5f449e974bc__vr193__eeg193__row447,ad87efc0-28f6-4acc-8ec2-a5f449e974bc,6.56374454498291,6.681228160858154,0.11748361587524414
1,ad87efc0-28f6-4acc-8ec2-a5f449e974bc__vr194__eeg194__row448,ad87efc0-28f6-4acc-8ec2-a5f449e974bc,5.718153953552246,4.736521244049072,0.9816327095031738
1,ad87efc0-28f6-4acc-8ec2-a5f449e974bc__vr195__eeg195__row449,ad87efc0-28f6-4acc-8ec2-a5f449e974bc,3.908102512359619,4.657902240753174,0.7497997283935547
1,ad87efc0-28f6-4acc-8ec2-a5f449e974bc__vr196__eeg196__row450,ad87efc0-28f6-4acc-8ec2-a5f449e974bc,4.34898567199707,7.462648868560791,3.1136631965637207
1,ad87efc0-28f6-4acc-8ec2-a5f449e974bc__vr197__eeg197__row451,ad87efc0-28f6-4acc-8ec2-a5f449e974bc,5.670212745666504,4.361624717712402,1.3085880279541016
1,ad87efc0-28f6-4acc-8ec2-a5f449e974bc__vr198__eeg198__row452,ad87efc0-28f6-4acc-8ec2-a5f449e974bc,8.155960083007812,6.538797378540039,1.6171627044677734
1,ad87efc0-28f6-4acc-8ec2-a5f449e974bc__vr199__eeg199__row453,ad87efc0-28f6-4acc-8ec2-a5f449e974bc,5.575679779052734,5.739706039428711,0.16402626037597656
1,ad87efc0-28f6-4acc-8ec2-a5f449e974bc__vr200__eeg200__row454,ad87efc0-28f6-4acc-8ec2-a5f449e974bc,3.116164445877075,5.175980091094971,2.0598156452178955
1,ad87efc0-28f6-4acc-8ec2-a5f449e974bc__vr201__eeg201__row455,ad87efc0-28f6-4acc-8ec2-a5f449e974bc,3.6986401081085205,5.86924409866333,2.1706039905548096
1,ad87efc0-28f6-4acc-8ec2-a5f449e974bc__vr202__eeg202__row456,ad87efc0-28f6-4acc-8ec2-a5f449e974bc,4.688640117645264,4.053411960601807,0.635228157043457
1,ad87efc0-28f6-4acc-8ec2-a5f449e974bc__vr203__eeg203__row457,ad87efc0-28f6-4acc-8ec2-a5f449e974bc,6.876256942749023,8.040273666381836,1.1640167236328125
1,ad87efc0-28f6-4acc-8ec2-a5f449e974bc__vr204__eeg204__row458,ad87efc0-28f6-4acc-8ec2-a5f449e974bc,6.222012042999268,4.662292003631592,1.5597200393676758
1,ad87efc0-28f6-4acc-8ec2-a5f449e974bc__vr205__eeg205__row459,ad87efc0-28f6-4acc-8ec2-a5f449e974bc,3.4358103275299072,5.246554374694824,1.810744047164917
1,ad87efc0-28f6-4acc-8ec2-a5f449e974bc__vr206__eeg206__row460,ad87efc0-28f6-4acc-8ec2-a5f449e974bc,6.279158115386963,5.925156116485596,0.3540019989013672
1,ad87efc0-28f6-4acc-8ec2-a5f449e974bc__vr207__eeg207__row461,ad87efc0-28f6-4acc-8ec2-a5f449e974bc,5.363209247589111,4.628475666046143,0.7347335815429688
1,ad87efc0-28f6-4acc-8ec2-a5f449e974bc__vr208__eeg208__row462,ad87efc0-28f6-4acc-8ec2-a5f449e974bc,2.609215497970581,4.128127098083496,1.518911600112915
1,ad87efc0-28f6-4acc-8ec2-a5f449e974bc__vr209__eeg209__row463,ad87efc0-28f6-4acc-8ec2-a5f449e974bc,4.983421325683594,4.717267990112305,0.26615333557128906
1,ad87efc0-28f6-4acc-8ec2-a5f449e974bc__vr210__eeg210__row464,ad87efc0-28f6-4acc-8ec2-a5f449e974bc,6.9327569007873535,5.504750728607178,1.4280061721801758
1,ad87efc0-28f6-4acc-8ec2-a5f449e974bc__vr211__eeg211__row465,ad87efc0-28f6-4acc-8ec2-a5f449e974bc,4.957333564758301,3.749566078186035,1.2077674865722656
1,ad87efc0-28f6-4acc-8ec2-a5f449e974bc__vr212__eeg212__row466,ad87efc0-28f6-4acc-8ec2-a5f449e974bc,4.864243030548096,3.916557788848877,0.9476852416992188
1,ad87efc0-28f6-4acc-8ec2-a5f449e974bc__vr213__eeg213__row467,ad87efc0-28f6-4acc-8ec2-a5f449e974bc,8.340692520141602,6.053099155426025,2.287593364715576
1,ad87efc0-28f6-4acc-8ec2-a5f449e974bc__vr214__eeg214__row468,ad87efc0-28f6-4acc-8ec2-a5f449e974bc,3.601409673690796,7.095978260040283,3.4945685863494873
1,ad87efc0-28f6-4acc-8ec2-a5f449e974bc__vr215__eeg215__row469,ad87efc0-28f6-4acc-8ec2-a5f449e974bc,10.000460624694824,6.592851638793945,3.407608985900879
1,ad87efc0-28f6-4acc-8ec2-a5f449e974bc__vr216__eeg216__row470,ad87efc0-28f6-4acc-8ec2-a5f449e974bc,3.8862111568450928,3.247347354888916,0.6388638019561768
1,ad87efc0-28f6-4acc-8ec2-a5f449e974bc__vr217__eeg217__row471,ad87efc0-28f6-4acc-8ec2-a5f449e974bc,4.411392688751221,4.582394599914551,0.17100191116333008
1,ad87efc0-28f6-4acc-8ec2-a5f449e974bc__vr218__eeg218__row472,ad87efc0-28f6-4acc-8ec2-a5f449e974bc,4.673398017883301,5.967865467071533,1.2944674491882324
1,ad87efc0-28f6-4acc-8ec2-a5f449e974bc__vr219__eeg219__row473,ad87efc0-28f6-4acc-8ec2-a5f449e974bc,3.729846239089966,6.204629421234131,2.474783182144165
1,ad87efc0-28f6-4acc-8ec2-a5f449e974bc__vr220__eeg220__row474,ad87efc0-28f6-4acc-8ec2-a5f449e974bc,10.405299186706543,7.761563777923584,2.643735408782959
1,ad87efc0-28f6-4acc-8ec2-a5f449e974bc__vr221__eeg221__row475,ad87efc0-28f6-4acc-8ec2-a5f449e974bc,4.704562664031982,5.118996620178223,0.41443395614624023
1,ad87efc0-28f6-4acc-8ec2-a5f449e974bc__vr222__eeg222__row476,ad87efc0-28f6-4acc-8ec2-a5f449e974bc,7.012012958526611,6.990324020385742,0.02168893814086914
1,ad87efc0-28f6-4acc-8ec2-a5f449e974bc__vr223__eeg223__row477,ad87efc0-28f6-4acc-8ec2-a5f449e974bc,4.298084735870361,4.923562049865723,0.6254773139953613
1,ad87efc0-28f6-4acc-8ec2-a5f449e974bc__vr224__eeg224__row478,ad87efc0-28f6-4acc-8ec2-a5f449e974bc,3.9835493564605713,3.9072132110595703,0.07633614540100098
1,ad87efc0-28f6-4acc-8ec2-a5f449e974bc__vr225__eeg225__row479,ad87efc0-28f6-4acc-8ec2-a5f449e974bc,2.9738686084747314,5.590878009796143,2.617009401321411
1,ad87efc0-28f6-4acc-8ec2-a5f449e974bc__vr226__eeg226__row480,ad87efc0-28f6-4acc-8ec2-a5f449e974bc,3.6694793701171875,5.009491920471191,1.340012550354004
1,ad87efc0-28f6-4acc-8ec2-a5f449e974bc__vr227__eeg227__row481,ad87efc0-28f6-4acc-8ec2-a5f449e974bc,11.983856201171875,10.137154579162598,1.8467016220092773
1,ad87efc0-28f6-4acc-8ec2-a5f449e974bc__vr228__eeg228__row482,ad87efc0-28f6-4acc-8ec2-a5f449e974bc,4.52260684967041,5.075984001159668,0.5533771514892578
1,ad87efc0-28f6-4acc-8ec2-a5f449e974bc__vr229__eeg229__row483,ad87efc0-28f6-4acc-8ec2-a5f449e974bc,8.219609260559082,7.1255412101745605,1.0940680503845215
1,ad87efc0-28f6-4acc-8ec2-a5f449e974bc__vr230__eeg230__row484,ad87efc0-28f6-4acc-8ec2-a5f449e974bc,5.358983516693115,6.119778156280518,0.7607946395874023
1,ad87efc0-28f6-4acc-8ec2-a5f449e974bc__vr231__eeg231__row485,ad87efc0-28f6-4acc-8ec2-a5f449e974bc,4.488593101501465,4.8097381591796875,0.32114505767822266
1,ad87efc0-28f6-4acc-8ec2-a5f449e974bc__vr232__eeg232__row486,ad87efc0-28f6-4acc-8ec2-a5f449e974bc,7.350874423980713,5.014566898345947,2.3363075256347656
1,ad87efc0-28f6-4acc-8ec2-a5f449e974bc__vr233__eeg233__row487,ad87efc0-28f6-4acc-8ec2-a5f449e974bc,5.287171363830566,4.847944259643555,0.4392271041870117
1,ad87efc0-28f6-4acc-8ec2-a5f449e974bc__vr234__eeg234__row488,ad87efc0-28f6-4acc-8ec2-a5f449e974bc,4.988729476928711,5.166236400604248,0.1775069236755371
1,ad87efc0-28f6-4acc-8ec2-a5f449e974bc__vr235__eeg235__row489,ad87efc0-28f6-4acc-8ec2-a5f449e974bc,4.089582443237305,5.543758392333984,1.4541759490966797
1,ad87efc0-28f6-4acc-8ec2-a5f449e974bc__vr236__eeg236__row490,ad87efc0-28f6-4acc-8ec2-a5f449e974bc,10.699585914611816,8.700600624084473,1.9989852905273438
1,ad87efc0-28f6-4acc-8ec2-a5f449e974bc__vr237__eeg237__row491,ad87efc0-28f6-4acc-8ec2-a5f449e974bc,3.311918258666992,4.9018425941467285,1.5899243354797363
1,ad87efc0-28f6-4acc-8ec2-a5f449e974bc__vr238__eeg238__row492,ad87efc0-28f6-4acc-8ec2-a5f449e974bc,4.358808517456055,5.663009166717529,1.3042006492614746
1,ad87efc0-28f6-4acc-8ec2-a5f449e974bc__vr239__eeg239__row493,ad87efc0-28f6-4acc-8ec2-a5f449e974bc,9.843899726867676,8.590899467468262,1.253000259399414
1,ad87efc0-28f6-4acc-8ec2-a5f449e974bc__vr240__eeg240__row494,ad87efc0-28f6-4acc-8ec2-a5f449e974bc,4.379478454589844,5.349089622497559,0.9696111679077148
1,ad87efc0-28f6-4acc-8ec2-a5f449e974bc__vr241__eeg241__row495,ad87efc0-28f6-4acc-8ec2-a5f449e974bc,6.056827545166016,5.665977954864502,0.39084959030151367
1,ad87efc0-28f6-4acc-8ec2-a5f449e974bc__vr242__eeg242__row496,ad87efc0-28f6-4acc-8ec2-a5f449e974bc,4.833052635192871,4.156393051147461,0.6766595840454102
1,ad87efc0-28f6-4acc-8ec2-a5f449e974bc__vr243__eeg243__row497,ad87efc0-28f6-4acc-8ec2-a5f449e974bc,4.289589881896973,5.51422119140625,1.2246313095092773
1,ad87efc0-28f6-4acc-8ec2-a5f449e974bc__vr244__eeg244__row498,ad87efc0-28f6-4acc-8ec2-a5f449e974bc,2.7819573879241943,4.6711626052856445,1.8892052173614502
1,ad87efc0-28f6-4acc-8ec2-a5f449e974bc__vr245__eeg245__row499,ad87efc0-28f6-4acc-8ec2-a5f449e974bc,6.823826313018799,4.66768217086792,2.156144142150879
1,ad87efc0-28f6-4acc-8ec2-a5f449e974bc__vr246__eeg246__row500,ad87efc0-28f6-4acc-8ec2-a5f449e974bc,6.5578293800354,5.995903491973877,0.5619258880615234
1,ad87efc0-28f6-4acc-8ec2-a5f449e974bc__vr247__eeg247__row501,ad87efc0-28f6-4acc-8ec2-a5f449e974bc,8.121142387390137,5.971475124359131,2.149667263031006
1,ad87efc0-28f6-4acc-8ec2-a5f449e974bc__vr248__eeg248__row502,ad87efc0-28f6-4acc-8ec2-a5f449e974bc,9.99091625213623,8.67750072479248,1.31341552734375
1,ad87efc0-28f6-4acc-8ec2-a5f449e974bc__vr249__eeg249__row503,ad87efc0-28f6-4acc-8ec2-a5f449e974bc,3.604231834411621,5.279715538024902,1.6754837036132812
1,ad87efc0-28f6-4acc-8ec2-a5f449e974bc__vr250__eeg250__row504,ad87efc0-28f6-4acc-8ec2-a5f449e974bc,2.5667223930358887,5.898695468902588,3.331973075866699
1,ad87efc0-28f6-4acc-8ec2-a5f449e974bc__vr251__eeg251__row505,ad87efc0-28f6-4acc-8ec2-a5f449e974bc,6.625630855560303,11.363443374633789,4.737812519073486
1,ad87efc0-28f6-4acc-8ec2-a5f449e974bc__vr252__eeg252__row506,ad87efc0-28f6-4acc-8ec2-a5f449e974bc,6.413023471832275,11.386091232299805,4.973067760467529
1,ad87efc0-28f6-4acc-8ec2-a5f449e974bc__vr253__eeg253__row507,ad87efc0-28f6-4acc-8ec2-a5f449e974bc,4.555328845977783,3.7307586669921875,0.8245701789855957
1,ad87efc0-28f6-4acc-8ec2-a5f449e974bc__vr254__eeg254__row508,ad87efc0-28f6-4acc-8ec2-a5f449e974bc,4.267411231994629,4.555893898010254,0.288482666015625
1,ad87efc0-28f6-4acc-8ec2-a5f449e974bc__vr255__eeg255__row509,ad87efc0-28f6-4acc-8ec2-a5f449e974bc,6.3839111328125,9.494060516357422,3.110149383544922
1,ad87efc0-28f6-4acc-8ec2-a5f449e974bc__vr256__eeg256__row510,ad87efc0-28f6-4acc-8ec2-a5f449e974bc,5.192166328430176,5.832634925842285,0.6404685974121094
1,ad87efc0-28f6-4acc-8ec2-a5f449e974bc__vr257__eeg257__row511,ad87efc0-28f6-4acc-8ec2-a5f449e974bc,6.163365364074707,5.080386638641357,1.0829787254333496
1,ad87efc0-28f6-4acc-8ec2-a5f449e974bc__vr258__eeg258__row512,ad87efc0-28f6-4acc-8ec2-a5f449e974bc,4.2689104080200195,3.24367094039917,1.0252394676208496
1,ad87efc0-28f6-4acc-8ec2-a5f449e974bc__vr259__eeg260__row513,ad87efc0-28f6-4acc-8ec2-a5f449e974bc,6.800755023956299,6.960497856140137,0.1597428321838379
1,ad87efc0-28f6-4acc-8ec2-a5f449e974bc__vr260__eeg261__row514,ad87efc0-28f6-4acc-8ec2-a5f449e974bc,4.003233432769775,5.296785831451416,1.2935523986816406
1,ad87efc0-28f6-4acc-8ec2-a5f449e974bc__vr261__eeg262__row515,ad87efc0-28f6-4acc-8ec2-a5f449e974bc,6.7718586921691895,5.557346820831299,1.2145118713378906
1,ad87efc0-28f6-4acc-8ec2-a5f449e974bc__vr262__eeg263__row516,ad87efc0-28f6-4acc-8ec2-a5f449e974bc,9.27059268951416,9.802213668823242,0.531620979309082
1,ad87efc0-28f6-4acc-8ec2-a5f449e974bc__vr263__eeg264__row517,ad87efc0-28f6-4acc-8ec2-a5f449e974bc,9.746594429016113,8.242668151855469,1.5039262771606445
1,ad87efc0-28f6-4acc-8ec2-a5f449e974bc__vr264__eeg265__row518,ad87efc0-28f6-4acc-8ec2-a5f449e974bc,5.500182628631592,5.529552936553955,0.02937030792236328
1,ad87efc0-28f6-4acc-8ec2-a5f449e974bc__vr265__eeg266__row519,ad87efc0-28f6-4acc-8ec2-a5f449e974bc,6.861515522003174,5.241265296936035,1.6202502250671387
1,ad87efc0-28f6-4acc-8ec2-a5f449e974bc__vr266__eeg267__row520,ad87efc0-28f6-4acc-8ec2-a5f449e974bc,5.741164684295654,4.835801124572754,0.9053635597229004
1,ad87efc0-28f6-4acc-8ec2-a5f449e974bc__vr267__eeg268__row521,ad87efc0-28f6-4acc-8ec2-a5f449e974bc,4.362585544586182,4.147490978240967,0.21509456634521484
1,ad87efc0-28f6-4acc-8ec2-a5f449e974bc__vr268__eeg269__row522,ad87efc0-28f6-4acc-8ec2-a5f449e974bc,7.970418930053711,4.879885673522949,3.0905332565307617
1,ad87efc0-28f6-4acc-8ec2-a5f449e974bc__vr269__eeg270__row523,ad87efc0-28f6-4acc-8ec2-a5f449e974bc,4.341333389282227,4.80495023727417,0.46361684799194336
1,ad87efc0-28f6-4acc-8ec2-a5f449e974bc__vr270__eeg271__row524,ad87efc0-28f6-4acc-8ec2-a5f449e974bc,7.110236644744873,5.161587238311768,1.9486494064331055
1,ad87efc0-28f6-4acc-8ec2-a5f449e974bc__vr271__eeg272__row525,ad87efc0-28f6-4acc-8ec2-a5f449e974bc,7.7131428718566895,9.530462265014648,1.817319393157959
1,ad87efc0-28f6-4acc-8ec2-a5f449e974bc__vr272__eeg273__row526,ad87efc0-28f6-4acc-8ec2-a5f449e974bc,17.258352279663086,9.767513275146484,7.490839004516602
1,f59e9a00-0a45-4497-8048-818cd5f48267__vr323__eeg324__row815,f59e9a00-0a45-4497-8048-818cd5f48267,7.115861892700195,7.473328113555908,0.3574662208557129
1,f59e9a00-0a45-4497-8048-818cd5f48267__vr324__eeg325__row816,f59e9a00-0a45-4497-8048-818cd5f48267,4.4298095703125,6.111766815185547,1.6819572448730469
1,f59e9a00-0a45-4497-8048-818cd5f48267__vr325__eeg326__row817,f59e9a00-0a45-4497-8048-818cd5f48267,4.607917308807373,6.815903186798096,2.2079858779907227
1,f59e9a00-0a45-4497-8048-818cd5f48267__vr326__eeg327__row818,f59e9a00-0a45-4497-8048-818cd5f48267,5.558341979980469,6.3422698974609375,0.7839279174804688
1,f59e9a00-0a45-4497-8048-818cd5f48267__vr327__eeg328__row819,f59e9a00-0a45-4497-8048-818cd5f48267,13.428834915161133,8.019445419311523,5.409389495849609
1,f59e9a00-0a45-4497-8048-818cd5f48267__vr329__eeg330__row821,f59e9a00-0a45-4497-8048-818cd5f48267,9.126424789428711,8.918017387390137,0.20840740203857422
1,f59e9a00-0a45-4497-8048-818cd5f48267__vr330__eeg331__row822,f59e9a00-0a45-4497-8048-818cd5f48267,12.482081413269043,7.774652004241943,4.7074294090271
1,f59e9a00-0a45-4497-8048-818cd5f48267__vr331__eeg332__row823,f59e9a00-0a45-4497-8048-818cd5f48267,2.044722557067871,5.133312702178955,3.088590145111084
1,f59e9a00-0a45-4497-8048-818cd5f48267__vr332__eeg333__row824,f59e9a00-0a45-4497-8048-818cd5f48267,7.488605499267578,6.818329334259033,0.6702761650085449
1,f59e9a00-0a45-4497-8048-818cd5f48267__vr333__eeg334__row825,f59e9a00-0a45-4497-8048-818cd5f48267,2.695377826690674,6.619064807891846,3.923686981201172
1,f59e9a00-0a45-4497-8048-818cd5f48267__vr334__eeg335__row826,f59e9a00-0a45-4497-8048-818cd5f48267,3.6982710361480713,7.137375354766846,3.4391043186187744
1,f59e9a00-0a45-4497-8048-818cd5f48267__vr335__eeg336__row827,f59e9a00-0a45-4497-8048-818cd5f48267,3.131873607635498,5.132785320281982,2.0009117126464844
1,f59e9a00-0a45-4497-8048-818cd5f48267__vr336__eeg337__row828,f59e9a00-0a45-4497-8048-818cd5f48267,4.941788196563721,7.468454837799072,2.5266666412353516
1,f59e9a00-0a45-4497-8048-818cd5f48267__vr337__eeg338__row829,f59e9a00-0a45-4497-8048-818cd5f48267,4.1519999504089355,8.929291725158691,4.777291774749756
1,f59e9a00-0a45-4497-8048-818cd5f48267__vr338__eeg339__row830,f59e9a00-0a45-4497-8048-818cd5f48267,7.556496620178223,6.491382122039795,1.0651144981384277
1,f59e9a00-0a45-4497-8048-818cd5f48267__vr339__eeg340__row831,f59e9a00-0a45-4497-8048-818cd5f48267,3.426823616027832,5.904559135437012,2.4777355194091797
1,f59e9a00-0a45-4497-8048-818cd5f48267__vr340__eeg341__row832,f59e9a00-0a45-4497-8048-818cd5f48267,4.139476299285889,5.585742473602295,1.4462661743164062
1,f59e9a00-0a45-4497-8048-818cd5f48267__vr341__eeg342__row833,f59e9a00-0a45-4497-8048-818cd5f48267,4.802240371704102,5.9338812828063965,1.131640911102295
1,f59e9a00-0a45-4497-8048-818cd5f48267__vr342__eeg343__row834,f59e9a00-0a45-4497-8048-818cd5f48267,3.5912299156188965,7.042636394500732,3.451406478881836
1,f59e9a00-0a45-4497-8048-818cd5f48267__vr343__eeg344__row835,f59e9a00-0a45-4497-8048-818cd5f48267,5.0045671463012695,6.371827602386475,1.367260456085205
1,f59e9a00-0a45-4497-8048-818cd5f48267__vr344__eeg345__row836,f59e9a00-0a45-4497-8048-818cd5f48267,2.5668282508850098,4.640002250671387,2.073173999786377
1,f59e9a00-0a45-4497-8048-818cd5f48267__vr345__eeg346__row837,f59e9a00-0a45-4497-8048-818cd5f48267,5.562857151031494,6.496434688568115,0.9335775375366211
1,f59e9a00-0a45-4497-8048-818cd5f48267__vr346__eeg347__row838,f59e9a00-0a45-4497-8048-818cd5f48267,5.925056457519531,6.210522174835205,0.28546571731567383
1,f59e9a00-0a45-4497-8048-818cd5f48267__vr347__eeg348__row839,f59e9a00-0a45-4497-8048-818cd5f48267,7.177674293518066,8.515493392944336,1.3378190994262695
1,f59e9a00-0a45-4497-8048-818cd5f48267__vr348__eeg349__row840,f59e9a00-0a45-4497-8048-818cd5f48267,5.968260288238525,5.414496898651123,0.5537633895874023
1,f59e9a00-0a45-4497-8048-818cd5f48267__vr349__eeg350__row841,f59e9a00-0a45-4497-8048-818cd5f48267,4.929230690002441,3.6469779014587402,1.2822527885437012
1,f59e9a00-0a45-4497-8048-818cd5f48267__vr350__eeg351__row842,f59e9a00-0a45-4497-8048-818cd5f48267,3.83219051361084,5.549264430999756,1.717073917388916
1,f59e9a00-0a45-4497-8048-818cd5f48267__vr351__eeg352__row843,f59e9a00-0a45-4497-8048-818cd5f48267,3.260219097137451,4.85768985748291,1.597470760345459
1,f59e9a00-0a45-4497-8048-818cd5f48267__vr352__eeg353__row844,f59e9a00-0a45-4497-8048-818cd5f48267,9.139900207519531,7.05056095123291,2.089339256286621
1,f59e9a00-0a45-4497-8048-818cd5f48267__vr353__eeg354__row845,f59e9a00-0a45-4497-8048-818cd5f48267,5.686366558074951,4.927395820617676,0.7589707374572754
1,f59e9a00-0a45-4497-8048-818cd5f48267__vr354__eeg355__row846,f59e9a00-0a45-4497-8048-818cd5f48267,9.863751411437988,7.459953784942627,2.4037976264953613
1,f59e9a00-0a45-4497-8048-818cd5f48267__vr355__eeg356__row847,f59e9a00-0a45-4497-8048-818cd5f48267,7.581247329711914,5.65877628326416,1.922471046447754
1,f59e9a00-0a45-4497-8048-818cd5f48267__vr356__eeg357__row848,f59e9a00-0a45-4497-8048-818cd5f48267,10.507438659667969,7.805384159088135,2.702054500579834
