session_id,test_version,metric
23a477dd-d8b8-42c6-adbe-47f39ed77952,1,5.909538461538462
23a477dd-d8b8-42c6-adbe-47f39ed77952,1,6.849868613138686
23a477dd-d8b8-42c6-adbe-47f39ed77952,1,8.824183206106868
23a477dd-d8b8-42c6-adbe-47f39ed77952,1,3.67031906614786
23a477dd-d8b8-42c6-adbe-47f39ed77952,1,6.5469346733668345
23a477dd-d8b8-42c6-adbe-47f39ed77952,1,7.944078175895766
23a477dd-d8b8-42c6-adbe-47f39ed77952,1,3.50523870967742
23a477dd-d8b8-42c6-adbe-47f39ed77952,1,2.9241783439490443
23a477dd-d8b8-42c6-adbe-47f39ed77952,1,5.170354838709677
23a477dd-d8b8-42c6-adbe-47f39ed77952,1,7.091284768211921
23a477dd-d8b8-42c6-adbe-47f39ed77952,1,6.400183486238532
23a477dd-d8b8-42c6-adbe-47f39ed77952,1,6.240258527827648
23a477dd-d8b8-42c6-adbe-47f39ed77952,1,8.519593220338983
23a477dd-d8b8-42c6-adbe-47f39ed77952,1,4.075468208092486
23a477dd-d8b8-42c6-adbe-47f39ed77952,1,5.555000000000001
23a477dd-d8b8-42c6-adbe-47f39ed77952,1,4.083784232365145
23a477dd-d8b8-42c6-adbe-47f39ed77952,1,6.545230769230769
23a477dd-d8b8-42c6-adbe-47f39ed77952,1,3.8403123644251624
23a477dd-d8b8-42c6-adbe-47f39ed77952,1,4.011498973305955
23a477dd-d8b8-42c6-adbe-47f39ed77952,1,5.641159851301115
23a477dd-d8b8-42c6-adbe-47f39ed77952,1,7.598884615384616
23a477dd-d8b8-42c6-adbe-47f39ed77952,1,3.0034520547945207
23a477dd-d8b8-42c6-adbe-47f39ed77952,1,7.8455531453362255
23a477dd-d8b8-42c6-adbe-47f39ed77952,1,4.66076889848812
23a477dd-d8b8-42c6-adbe-47f39ed77952,1,5.445356371490281
23a477dd-d8b8-42c6-adbe-47f39ed77952,1,6.201121495327103
23a477dd-d8b8-42c6-adbe-47f39ed77952,1,3.310391959798995
23a477dd-d8b8-42c6-adbe-47f39ed77952,1,5.480113879003558
23a477dd-d8b8-42c6-adbe-47f39ed77952,1,7.008736842105263
ad87efc0-28f6-4acc-8ec2-a5f449e974bc,1,5.046189781021898
ad87efc0-28f6-4acc-8ec2-a5f449e974bc,1,6.857386221294363
ad87efc0-28f6-4acc-8ec2-a5f449e974bc,1,9.587497674418604
ad87efc0-28f6-4acc-8ec2-a5f449e974bc,1,7.838021052631579
ad87efc0-28f6-4acc-8ec2-a5f449e974bc,1,4.24053228962818
ad87efc0-28f6-4acc-8ec2-a5f449e974bc,1,5.2684273972602735
ad87efc0-28f6-4acc-8ec2-a5f449e974bc,1,5.825178082191781
ad87efc0-28f6-4acc-8ec2-a5f449e974bc,1,6.249333333333333
ad87efc0-28f6-4acc-8ec2-a5f449e974bc,1,4.931975359342916
ad87efc0-28f6-4acc-8ec2-a5f449e974bc,1,8.042453865336658
ad87efc0-28f6-4acc-8ec2-a5f449e974bc,1,9.85691906005222
ad87efc0-28f6-4acc-8ec2-a5f449e974bc,1,6.224842105263158
ad87efc0-28f6-4acc-8ec2-a5f449e974bc,1,5.061745302713987
ad87efc0-28f6-4acc-8ec2-a5f449e974bc,1,6.626461538461539
ad87efc0-28f6-4acc-8ec2-a5f449e974bc,1,6.824888888888888
ad87efc0-28f6-4acc-8ec2-a5f449e974bc,1,9.768888888888888
ad87efc0-28f6-4acc-8ec2-a5f449e974bc,1,3.1574610778443115
ad87efc0-28f6-4acc-8ec2-a5f449e974bc,1,3.249230769230769
ad87efc0-28f6-4acc-8ec2-a5f449e974bc,1,6.935351351351351
ad87efc0-28f6-4acc-8ec2-a5f449e974bc,1,5.391355450236968
ad87efc0-28f6-4acc-8ec2-a5f449e974bc,1,5.949464150943396
ad87efc0-28f6-4acc-8ec2-a5f449e974bc,1,7.151597765363129
ad87efc0-28f6-4acc-8ec2-a5f449e974bc,1,4.952163934426229
ad87efc0-28f6-4acc-8ec2-a5f449e974bc,1,8.039265882352941
ad87efc0-28f6-4acc-8ec2-a5f449e974bc,1,5.046075949367089
ad87efc0-28f6-4acc-8ec2-a5f449e974bc,1,8.33389010989011
ad87efc0-28f6-4acc-8ec2-a5f449e974bc,1,9.377577464788732
ad87efc0-28f6-4acc-8ec2-a5f449e974bc,1,9.249667605633803
ad87efc0-28f6-4acc-8ec2-a5f449e974bc,1,4.258723404255319
ad87efc0-28f6-4acc-8ec2-a5f449e974bc,1,6.194200873362446
ad87efc0-28f6-4acc-8ec2-a5f449e974bc,1,3.961113924050633
ad87efc0-28f6-4acc-8ec2-a5f449e974bc,1,3.438576512455516
ad87efc0-28f6-4acc-8ec2-a5f449e974bc,1,6.347785714285715
ad87efc0-28f6-4acc-8ec2-a5f449e974bc,1,5.444459016393442
ad87efc0-28f6-4acc-8ec2-a5f449e974bc,1,8.587096774193547
ad87efc0-28f6-4acc-8ec2-a5f449e974bc,1,4.768821238938053
ad87efc0-28f6-4acc-8ec2-a5f449e974bc,1,9.329582022471907
ad87efc0-28f6-4acc-8ec2-a5f449e974bc,1,4.491247803163445
ad87efc0-28f6-4acc-8ec2-a5f449e974bc,1,3.7104093567251457
ad87efc0-28f6-4acc-8ec2-a5f449e974bc,1,4.029473684210527
ad87efc0-28f6-4acc-8ec2-a5f449e974bc,1,11.0
ad87efc0-28f6-4acc-8ec2-a5f449e974bc,1,6.473220338983051
ad87efc0-28f6-4acc-8ec2-a5f449e974bc,1,6.333268965517242
ad87efc0-28f6-4acc-8ec2-a5f449e974bc,1,5.106331125827815
ad87efc0-28f6-4acc-8ec2-a5f449e974bc,1,6.016306849315068
ad87efc0-28f6-4acc-8ec2-a5f449e974bc,1,4.017391304347826
ad87efc0-28f6-4acc-8ec2-a5f449e974bc,1,6.4423087248322135
ad87efc0-28f6-4acc-8ec2-a5f449e974bc,1,5.89771875
ad87efc0-28f6-4acc-8ec2-a5f449e974bc,1,9.292578616352202
ad87efc0-28f6-4acc-8ec2-a5f449e974bc,1,5.406901287553648
ad87efc0-28f6-4acc-8ec2-a5f449e974bc,1,10.995701799485865
ad87efc0-28f6-4acc-8ec2-a5f449e974bc,1,8.025294797687861
ad87efc0-28f6-4acc-8ec2-a5f449e974bc,1,5.876506329113924
ad87efc0-28f6-4acc-8ec2-a5f449e974bc,1,4.666778947368421
ad87efc0-28f6-4acc-8ec2-a5f449e974bc,1,2.7967816091954023
ad87efc0-28f6-4acc-8ec2-a5f449e974bc,1,8.502012526096035
ad87efc0-28f6-4acc-8ec2-a5f449e974bc,1,3.660873180873181
ad87efc0-28f6-4acc-8ec2-a5f449e974bc,1,6.563744680851063
ad87efc0-28f6-4acc-8ec2-a5f449e974bc,1,5.718153846153846
ad87efc0-28f6-4acc-8ec2-a5f449e974bc,1,3.908102564102564
ad87efc0-28f6-4acc-8ec2-a5f449e974bc,1,4.348985507246377
ad87efc0-28f6-4acc-8ec2-a5f449e974bc,1,5.670212943632568
ad87efc0-28f6-4acc-8ec2-a5f449e974bc,1,8.15595991983968
ad87efc0-28f6-4acc-8ec2-a5f449e974bc,1,5.575679999999999
ad87efc0-28f6-4acc-8ec2-a5f449e974bc,1,3.1161643835616437
ad87efc0-28f6-4acc-8ec2-a5f449e974bc,1,3.6986400000000006
ad87efc0-28f6-4acc-8ec2-a5f449e974bc,1,4.6886399999999995
ad87efc0-28f6-4acc-8ec2-a5f449e974bc,1,6.876257142857144
ad87efc0-28f6-4acc-8ec2-a5f449e974bc,1,6.222012219959266
ad87efc0-28f6-4acc-8ec2-a5f449e974bc,1,3.4358103092783505
ad87efc0-28f6-4acc-8ec2-a5f449e974bc,1,6.2791578947368425
ad87efc0-28f6-4acc-8ec2-a5f449e974bc,1,5.363209169054441
ad87efc0-28f6-4acc-8ec2-a5f449e974bc,1,4.983421276595744
ad87efc0-28f6-4acc-8ec2-a5f449e974bc,1,6.932756756756757
ad87efc0-28f6-4acc-8ec2-a5f449e974bc,1,4.957333333333334
ad87efc0-28f6-4acc-8ec2-a5f449e974bc,1,4.86424295010846
ad87efc0-28f6-4acc-8ec2-a5f449e974bc,1,8.340692840646652
ad87efc0-28f6-4acc-8ec2-a5f449e974bc,1,3.6014096916299554
ad87efc0-28f6-4acc-8ec2-a5f449e974bc,1,10.000460176991153
ad87efc0-28f6-4acc-8ec2-a5f449e974bc,1,3.886211180124224
ad87efc0-28f6-4acc-8ec2-a5f449e974bc,1,4.411392857142856
ad87efc0-28f6-4acc-8ec2-a5f449e974bc,1,4.6733980582524275
ad87efc0-28f6-4acc-8ec2-a5f449e974bc,1,3.729846153846154
ad87efc0-28f6-4acc-8ec2-a5f449e974bc,1,10.405299363057324
ad87efc0-28f6-4acc-8ec2-a5f449e974bc,1,4.7045625
ad87efc0-28f6-4acc-8ec2-a5f449e974bc,1,7.012013114754099
ad87efc0-28f6-4acc-8ec2-a5f449e974bc,1,4.298084632516703
ad87efc0-28f6-4acc-8ec2-a5f449e974bc,1,3.983549295774648
ad87efc0-28f6-4acc-8ec2-a5f449e974bc,1,2.9738685612788633
ad87efc0-28f6-4acc-8ec2-a5f449e974bc,1,3.669479452054795
ad87efc0-28f6-4acc-8ec2-a5f449e974bc,1,4.522606741573034
ad87efc0-28f6-4acc-8ec2-a5f449e974bc,1,8.219609302325582
ad87efc0-28f6-4acc-8ec2-a5f449e974bc,1,5.358983606557378
ad87efc0-28f6-4acc-8ec2-a5f449e974bc,1,4.488593258426967
ad87efc0-28f6-4acc-8ec2-a5f449e974bc,1,7.350874371859297
ad87efc0-28f6-4acc-8ec2-a5f449e974bc,1,5.287171477079796
ad87efc0-28f6-4acc-8ec2-a5f449e974bc,1,4.988729670329671
ad87efc0-28f6-4acc-8ec2-a5f449e974bc,1,4.089582417582418
ad87efc0-28f6-4acc-8ec2-a5f449e974bc,1,10.699586206896551
ad87efc0-28f6-4acc-8ec2-a5f449e974bc,1,3.3119182282793864
ad87efc0-28f6-4acc-8ec2-a5f449e974bc,1,4.358808510638298
ad87efc0-28f6-4acc-8ec2-a5f449e974bc,1,9.8439
ad87efc0-28f6-4acc-8ec2-a5f449e974bc,1,4.379478260869566
ad87efc0-28f6-4acc-8ec2-a5f449e974bc,1,6.0568275862068965
ad87efc0-28f6-4acc-8ec2-a5f449e974bc,1,4.833052631578948
ad87efc0-28f6-4acc-8ec2-a5f449e974bc,1,4.2895900621118015
ad87efc0-28f6-4acc-8ec2-a5f449e974bc,1,2.781957446808511
ad87efc0-28f6-4acc-8ec2-a5f449e974bc,1,6.823826086956522
ad87efc0-28f6-4acc-8ec2-a5f449e974bc,1,6.557829321663021
ad87efc0-28f6-4acc-8ec2-a5f449e974bc,1,8.121142857142859
ad87efc0-28f6-4acc-8ec2-a5f449e974bc,1,9.990916426512968
ad87efc0-28f6-4acc-8ec2-a5f449e974bc,1,3.604231738035265
ad87efc0-28f6-4acc-8ec2-a5f449e974bc,1,6.625631067961165
ad87efc0-28f6-4acc-8ec2-a5f449e974bc,1,6.413023255813953
ad87efc0-28f6-4acc-8ec2-a5f449e974bc,1,4.5553288590604035
ad87efc0-28f6-4acc-8ec2-a5f449e974bc,1,4.267411089866157
ad87efc0-28f6-4acc-8ec2-a5f449e974bc,1,6.383911111111111
ad87efc0-28f6-4acc-8ec2-a5f449e974bc,1,5.192166351606805
ad87efc0-28f6-4acc-8ec2-a5f449e974bc,1,6.163365200764819
ad87efc0-28f6-4acc-8ec2-a5f449e974bc,1,4.268910344827586
ad87efc0-28f6-4acc-8ec2-a5f449e974bc,1,6.800754990925589
ad87efc0-28f6-4acc-8ec2-a5f449e974bc,1,4.003233449477352
ad87efc0-28f6-4acc-8ec2-a5f449e974bc,1,6.771858823529413
ad87efc0-28f6-4acc-8ec2-a5f449e974bc,1,9.270592274678112
ad87efc0-28f6-4acc-8ec2-a5f449e974bc,1,9.746594594594594
ad87efc0-28f6-4acc-8ec2-a5f449e974bc,1,5.500182572614108
ad87efc0-28f6-4acc-8ec2-a5f449e974bc,1,6.8615152941176465
ad87efc0-28f6-4acc-8ec2-a5f449e974bc,1,5.741164556962025
ad87efc0-28f6-4acc-8ec2-a5f449e974bc,1,4.36258568329718
ad87efc0-28f6-4acc-8ec2-a5f449e974bc,1,7.970419098143236
ad87efc0-28f6-4acc-8ec2-a5f449e974bc,1,4.341333333333333
ad87efc0-28f6-4acc-8ec2-a5f449e974bc,1,7.110236658932715
ad87efc0-28f6-4acc-8ec2-a5f449e974bc,1,7.713142857142857
f59e9a00-0a45-4497-8048-818cd5f48267,1,7.115862068965516
f59e9a00-0a45-4497-8048-818cd5f48267,1,4.429809744779583
f59e9a00-0a45-4497-8048-818cd5f48267,1,4.607917098445595
f59e9a00-0a45-4497-8048-818cd5f48267,1,5.558342052313884
f59e9a00-0a45-4497-8048-818cd5f48267,1,9.12642447418738
f59e9a00-0a45-4497-8048-818cd5f48267,1,7.48860567823344
f59e9a00-0a45-4497-8048-818cd5f48267,1,3.698270967741936
f59e9a00-0a45-4497-8048-818cd5f48267,1,3.1318736842105266
f59e9a00-0a45-4497-8048-818cd5f48267,1,4.94178801843318
f59e9a00-0a45-4497-8048-818cd5f48267,1,4.152
f59e9a00-0a45-4497-8048-818cd5f48267,1,7.556496732026143
f59e9a00-0a45-4497-8048-818cd5f48267,1,3.426823529411765
f59e9a00-0a45-4497-8048-818cd5f48267,1,4.139476091476092
f59e9a00-0a45-4497-8048-818cd5f48267,1,4.802240574506284
f59e9a00-0a45-4497-8048-818cd5f48267,1,3.5912298624754424
f59e9a00-0a45-4497-8048-818cd5f48267,1,5.004566929133858
f59e9a00-0a45-4497-8048-818cd5f48267,1,5.562857142857143
f59e9a00-0a45-4497-8048-818cd5f48267,1,5.9250566037735855
f59e9a00-0a45-4497-8048-818cd5f48267,1,7.177674418604651
f59e9a00-0a45-4497-8048-818cd5f48267,1,5.968260162601626
f59e9a00-0a45-4497-8048-818cd5f48267,1,4.929230769230769
f59e9a00-0a45-4497-8048-818cd5f48267,1,3.8321904761904766
f59e9a00-0a45-4497-8048-818cd5f48267,1,3.260219178082192
f59e9a00-0a45-4497-8048-818cd5f48267,1,9.1399
f59e9a00-0a45-4497-8048-818cd5f48267,1,5.686366492146597
f59e9a00-0a45-4497-8048-818cd5f48267,1,9.863751295336789
f59e9a00-0a45-4497-8048-818cd5f48267,1,7.581247311827958
f59e9a00-0a45-4497-8048-818cd5f48267,1,10.507438914027148
2a298ece-1693-424d-9d70-7988e3c23aa6,1,5.178265895953757
2a298ece-1693-424d-9d70-7988e3c23aa6,1,7.375377777777779
2a298ece-1693-424d-9d70-7988e3c23aa6,1,5.879703703703704
2a298ece-1693-424d-9d70-7988e3c23aa6,1,4.468991999999999
2a298ece-1693-424d-9d70-7988e3c23aa6,1,11.87461224489796
2a298ece-1693-424d-9d70-7988e3c23aa6,1,7.375258536585367
2a298ece-1693-424d-9d70-7988e3c23aa6,1,5.0712558139534885
2a298ece-1693-424d-9d70-7988e3c23aa6,1,6.6294931880108985
2a298ece-1693-424d-9d70-7988e3c23aa6,1,4.567545851528384
2a298ece-1693-424d-9d70-7988e3c23aa6,1,5.665927710843374
2a298ece-1693-424d-9d70-7988e3c23aa6,1,4.963416837782341
2a298ece-1693-424d-9d70-7988e3c23aa6,1,5.298248847926268
2a298ece-1693-424d-9d70-7988e3c23aa6,1,8.418361746361748
99ea5a4e-5011-47ee-823c-56fdacec63f5,1,5.531270440251573
99ea5a4e-5011-47ee-823c-56fdacec63f5,1,3.02964705882353
99ea5a4e-5011-47ee-823c-56fdacec63f5,1,4.436903225806453
99ea5a4e-5011-47ee-823c-56fdacec63f5,1,3.532271559633027
99ea5a4e-5011-47ee-823c-56fdacec63f5,1,4.063659574468085
99ea5a4e-5011-47ee-823c-56fdacec63f5,1,5.5594044265593565
99ea5a4e-5011-47ee-823c-56fdacec63f5,1,4.23379793814433
99ea5a4e-5011-47ee-823c-56fdacec63f5,1,2.9930864197530864
99ea5a4e-5011-47ee-823c-56fdacec63f5,1,11.146316417910448
99ea5a4e-5011-47ee-823c-56fdacec63f5,1,5.3217075630252095
99ea5a4e-5011-47ee-823c-56fdacec63f5,1,6.923368421052632
99ea5a4e-5011-47ee-823c-56fdacec63f5,1,10.34
99ea5a4e-5011-47ee-823c-56fdacec63f5,1,5.113263157894736
99ea5a4e-5011-47ee-823c-56fdacec63f5,1,3.5150322580645166
99ea5a4e-5011-47ee-823c-56fdacec63f5,1,5.200799999999999
99ea5a4e-5011-47ee-823c-56fdacec63f5,1,4.809179723502305
99ea5a4e-5011-47ee-823c-56fdacec63f5,1,4.836125786163522
c488b456-7651-4424-8cc9-8f81ed92e0e2,2,5.862047244094489
c488b456-7651-4424-8cc9-8f81ed92e0e2,2,2.9772100840336133
c488b456-7651-4424-8cc9-8f81ed92e0e2,2,4.184888888888889
c488b456-7651-4424-8cc9-8f81ed92e0e2,2,3.444946695095949
c488b456-7651-4424-8cc9-8f81ed92e0e2,2,2.8032563600782776
c488b456-7651-4424-8cc9-8f81ed92e0e2,2,4.686904109589041
c488b456-7651-4424-8cc9-8f81ed92e0e2,2,5.663280513918631
c488b456-7651-4424-8cc9-8f81ed92e0e2,2,4.326290598290598
c488b456-7651-4424-8cc9-8f81ed92e0e2,2,5.23052972972973
c488b456-7651-4424-8cc9-8f81ed92e0e2,2,7.2397344398340255
c488b456-7651-4424-8cc9-8f81ed92e0e2,2,6.869109677419355
c488b456-7651-4424-8cc9-8f81ed92e0e2,2,4.249808553971486
c488b456-7651-4424-8cc9-8f81ed92e0e2,2,6.216697986577182
c488b456-7651-4424-8cc9-8f81ed92e0e2,2,5.491200000000001
c488b456-7651-4424-8cc9-8f81ed92e0e2,2,2.7216089385474858
c488b456-7651-4424-8cc9-8f81ed92e0e2,2,6.149527831094049
c488b456-7651-4424-8cc9-8f81ed92e0e2,2,4.214736842105263
c488b456-7651-4424-8cc9-8f81ed92e0e2,2,3.478650602409638
c488b456-7651-4424-8cc9-8f81ed92e0e2,2,6.4402255965292845
c488b456-7651-4424-8cc9-8f81ed92e0e2,2,3.03931914893617
c488b456-7651-4424-8cc9-8f81ed92e0e2,2,7.845249438202248
c488b456-7651-4424-8cc9-8f81ed92e0e2,2,2.874454873646209
c488b456-7651-4424-8cc9-8f81ed92e0e2,2,3.85996875
c488b456-7651-4424-8cc9-8f81ed92e0e2,2,2.7792328767123284
c488b456-7651-4424-8cc9-8f81ed92e0e2,2,3.5689811320754714
c488b456-7651-4424-8cc9-8f81ed92e0e2,2,5.328
c488b456-7651-4424-8cc9-8f81ed92e0e2,2,5.027906687402799
c488b456-7651-4424-8cc9-8f81ed92e0e2,2,4.6464
c488b456-7651-4424-8cc9-8f81ed92e0e2,2,3.4396007677543183
c488b456-7651-4424-8cc9-8f81ed92e0e2,2,3.629496183206107
c488b456-7651-4424-8cc9-8f81ed92e0e2,2,3.2391143911439113
c488b456-7651-4424-8cc9-8f81ed92e0e2,2,3.71328
c488b456-7651-4424-8cc9-8f81ed92e0e2,2,6.5148085106382965
c488b456-7651-4424-8cc9-8f81ed92e0e2,2,5.400439918533605
c488b456-7651-4424-8cc9-8f81ed92e0e2,2,5.376158940397352
c488b456-7651-4424-8cc9-8f81ed92e0e2,2,3.657415384615384
c488b456-7651-4424-8cc9-8f81ed92e0e2,2,3.103015384615385
c488b456-7651-4424-8cc9-8f81ed92e0e2,2,6.865984962406015
c488b456-7651-4424-8cc9-8f81ed92e0e2,2,4.058643628509719
c488b456-7651-4424-8cc9-8f81ed92e0e2,2,5.18963325183374
c488b456-7651-4424-8cc9-8f81ed92e0e2,2,3.265746835443038
c488b456-7651-4424-8cc9-8f81ed92e0e2,2,5.101254290171606
c488b456-7651-4424-8cc9-8f81ed92e0e2,2,3.324626865671642
c488b456-7651-4424-8cc9-8f81ed92e0e2,2,4.160321608040201
c488b456-7651-4424-8cc9-8f81ed92e0e2,2,3.5046564102564104
c488b456-7651-4424-8cc9-8f81ed92e0e2,2,4.752
c488b456-7651-4424-8cc9-8f81ed92e0e2,2,4.020195439739414
c488b456-7651-4424-8cc9-8f81ed92e0e2,2,7.253113043478261
c488b456-7651-4424-8cc9-8f81ed92e0e2,2,5.443182948490231
c488b456-7651-4424-8cc9-8f81ed92e0e2,2,8.02810344827586
c488b456-7651-4424-8cc9-8f81ed92e0e2,2,4.805678373382625
c488b456-7651-4424-8cc9-8f81ed92e0e2,2,5.657875173370319
c488b456-7651-4424-8cc9-8f81ed92e0e2,2,6.46704347826087
c488b456-7651-4424-8cc9-8f81ed92e0e2,2,3.1956530278232407
c488b456-7651-4424-8cc9-8f81ed92e0e2,2,2.8880284697508896
c488b456-7651-4424-8cc9-8f81ed92e0e2,2,5.528470588235294
c488b456-7651-4424-8cc9-8f81ed92e0e2,2,5.214528
c488b456-7651-4424-8cc9-8f81ed92e0e2,2,5.4419455535390195
c488b456-7651-4424-8cc9-8f81ed92e0e2,2,5.0896879120879115
c488b456-7651-4424-8cc9-8f81ed92e0e2,2,4.0969253731343285
c488b456-7651-4424-8cc9-8f81ed92e0e2,2,5.777479768786128
c488b456-7651-4424-8cc9-8f81ed92e0e2,2,5.680638977635783
c488b456-7651-4424-8cc9-8f81ed92e0e2,2,2.4415265423242465
c488b456-7651-4424-8cc9-8f81ed92e0e2,2,4.039374834437086
c488b456-7651-4424-8cc9-8f81ed92e0e2,2,3.4152186046511623
c488b456-7651-4424-8cc9-8f81ed92e0e2,2,3.335918367346939
c488b456-7651-4424-8cc9-8f81ed92e0e2,2,5.209292576419214
c488b456-7651-4424-8cc9-8f81ed92e0e2,2,3.058415094339623
c488b456-7651-4424-8cc9-8f81ed92e0e2,2,3.746010928961749
c488b456-7651-4424-8cc9-8f81ed92e0e2,2,3.3404250000000006
c488b456-7651-4424-8cc9-8f81ed92e0e2,2,3.9629758454106274
c488b456-7651-4424-8cc9-8f81ed92e0e2,2,3.0317667638483963
c488b456-7651-4424-8cc9-8f81ed92e0e2,2,2.4186585365853657
c488b456-7651-4424-8cc9-8f81ed92e0e2,2,5.998782884310618
c488b456-7651-4424-8cc9-8f81ed92e0e2,2,3.4554266211604094
c488b456-7651-4424-8cc9-8f81ed92e0e2,2,4.00564705882353
c488b456-7651-4424-8cc9-8f81ed92e0e2,2,7.535679465776293
c488b456-7651-4424-8cc9-8f81ed92e0e2,2,2.4842093023255813
c488b456-7651-4424-8cc9-8f81ed92e0e2,2,4.933703703703704
c488b456-7651-4424-8cc9-8f81ed92e0e2,2,2.877469522240527
c488b456-7651-4424-8cc9-8f81ed92e0e2,2,2.4802514734774066
c488b456-7651-4424-8cc9-8f81ed92e0e2,2,5.791500000000001
c488b456-7651-4424-8cc9-8f81ed92e0e2,2,4.180808013355593
c488b456-7651-4424-8cc9-8f81ed92e0e2,2,7.3962038216560515
c488b456-7651-4424-8cc9-8f81ed92e0e2,2,3.499229813664596
c488b456-7651-4424-8cc9-8f81ed92e0e2,2,2.427457627118644
c488b456-7651-4424-8cc9-8f81ed92e0e2,2,2.6951256117455133
c488b456-7651-4424-8cc9-8f81ed92e0e2,2,2.4239667128987517
c488b456-7651-4424-8cc9-8f81ed92e0e2,2,2.3394089347079037
c488b456-7651-4424-8cc9-8f81ed92e0e2,2,3.8264138851802407
c488b456-7651-4424-8cc9-8f81ed92e0e2,2,2.8531040221914004
c488b456-7651-4424-8cc9-8f81ed92e0e2,2,4.0774869109947645
c488b456-7651-4424-8cc9-8f81ed92e0e2,2,3.168711590296496
c488b456-7651-4424-8cc9-8f81ed92e0e2,2,4.429021276595745
c488b456-7651-4424-8cc9-8f81ed92e0e2,2,2.392793893129771
c488b456-7651-4424-8cc9-8f81ed92e0e2,2,6.335263598326359
c488b456-7651-4424-8cc9-8f81ed92e0e2,2,4.130335949764521
c488b456-7651-4424-8cc9-8f81ed92e0e2,2,4.732645161290323
c488b456-7651-4424-8cc9-8f81ed92e0e2,2,3.755475862068965
c488b456-7651-4424-8cc9-8f81ed92e0e2,2,3.706153846153846
c488b456-7651-4424-8cc9-8f81ed92e0e2,2,3.943351351351351
c488b456-7651-4424-8cc9-8f81ed92e0e2,2,3.5465955555555557
c488b456-7651-4424-8cc9-8f81ed92e0e2,2,2.4288000000000003
c488b456-7651-4424-8cc9-8f81ed92e0e2,2,4.606123989218329
c488b456-7651-4424-8cc9-8f81ed92e0e2,2,2.6776089385474866
c488b456-7651-4424-8cc9-8f81ed92e0e2,2,4.598575916230367
c488b456-7651-4424-8cc9-8f81ed92e0e2,2,2.965627760252366
c488b456-7651-4424-8cc9-8f81ed92e0e2,2,4.47366515837104
c488b456-7651-4424-8cc9-8f81ed92e0e2,2,2.3453814432989692
c488b456-7651-4424-8cc9-8f81ed92e0e2,2,2.809534693877551
c488b456-7651-4424-8cc9-8f81ed92e0e2,2,2.2996363636363637
c488b456-7651-4424-8cc9-8f81ed92e0e2,2,2.790138775510204
c488b456-7651-4424-8cc9-8f81ed92e0e2,2,6.645347536617843
dfb19734-6102-44df-8e11-9947e134eeb2,2,2.4103887775551103
dfb19734-6102-44df-8e11-9947e134eeb2,2,5.7276
dfb19734-6102-44df-8e11-9947e134eeb2,2,4.58304
dfb19734-6102-44df-8e11-9947e134eeb2,2,2.7311269035532995
dfb19734-6102-44df-8e11-9947e134eeb2,2,4.962064516129033
dfb19734-6102-44df-8e11-9947e134eeb2,2,3.424235294117647
dfb19734-6102-44df-8e11-9947e134eeb2,2,4.540363636363637
dfb19734-6102-44df-8e11-9947e134eeb2,2,4.855200000000001
dfb19734-6102-44df-8e11-9947e134eeb2,2,3.7447962085308055
dfb19734-6102-44df-8e11-9947e134eeb2,2,4.553846153846154
dfb19734-6102-44df-8e11-9947e134eeb2,2,6.387738693467336
dfb19734-6102-44df-8e11-9947e134eeb2,2,6.620388118811882
dfb19734-6102-44df-8e11-9947e134eeb2,2,3.661714285714286
dfb19734-6102-44df-8e11-9947e134eeb2,2,5.032281938325991
dfb19734-6102-44df-8e11-9947e134eeb2,2,5.958504672897197
dfb19734-6102-44df-8e11-9947e134eeb2,2,7.132735426008969
dfb19734-6102-44df-8e11-9947e134eeb2,2,5.251636363636363
dfb19734-6102-44df-8e11-9947e134eeb2,2,3.650431519699812
dfb19734-6102-44df-8e11-9947e134eeb2,2,2.6742024291497977
dfb19734-6102-44df-8e11-9947e134eeb2,2,7.618285714285714
dfb19734-6102-44df-8e11-9947e134eeb2,2,3.7801061946902657
dfb19734-6102-44df-8e11-9947e134eeb2,2,5.826953846153847
dfb19734-6102-44df-8e11-9947e134eeb2,2,3.992665314401622
dfb19734-6102-44df-8e11-9947e134eeb2,2,6.945911949685535
dfb19734-6102-44df-8e11-9947e134eeb2,2,3.845851428571428
dfb19734-6102-44df-8e11-9947e134eeb2,2,3.508348432055749
dfb19734-6102-44df-8e11-9947e134eeb2,2,3.1167494356659144
dfb19734-6102-44df-8e11-9947e134eeb2,2,6.9499002169197395
dfb19734-6102-44df-8e11-9947e134eeb2,2,3.641587786259542
dfb19734-6102-44df-8e11-9947e134eeb2,2,6.864893401015229
dfb19734-6102-44df-8e11-9947e134eeb2,2,5.972803180914513
dfb19734-6102-44df-8e11-9947e134eeb2,2,5.389714285714286
dfb19734-6102-44df-8e11-9947e134eeb2,2,9.840414686825053
dfb19734-6102-44df-8e11-9947e134eeb2,2,5.943272727272728
dfb19734-6102-44df-8e11-9947e134eeb2,2,5.181797101449274
dfb19734-6102-44df-8e11-9947e134eeb2,2,3.7981627486437617
dfb19734-6102-44df-8e11-9947e134eeb2,2,5.958466321243524
dfb19734-6102-44df-8e11-9947e134eeb2,2,4.007710843373494
dfb19734-6102-44df-8e11-9947e134eeb2,2,3.260557768924303
dfb19734-6102-44df-8e11-9947e134eeb2,2,4.849380710659898
dfb19734-6102-44df-8e11-9947e134eeb2,2,4.55002079002079
dfb19734-6102-44df-8e11-9947e134eeb2,2,3.5504155339805825
359314b3-5a7c-4dd0-b813-6d8344c62062,2,3.3654634146341467
359314b3-5a7c-4dd0-b813-6d8344c62062,2,5.3800784313725485
359314b3-5a7c-4dd0-b813-6d8344c62062,2,8.703360000000002
359314b3-5a7c-4dd0-b813-6d8344c62062,2,5.713313069908815
359314b3-5a7c-4dd0-b813-6d8344c62062,2,7.445284403669724
359314b3-5a7c-4dd0-b813-6d8344c62062,2,3.1978867924528305
359314b3-5a7c-4dd0-b813-6d8344c62062,2,3.8612598425196847
359314b3-5a7c-4dd0-b813-6d8344c62062,2,7.768647702407002
359314b3-5a7c-4dd0-b813-6d8344c62062,2,6.16572
359314b3-5a7c-4dd0-b813-6d8344c62062,2,2.7823048327137543
359314b3-5a7c-4dd0-b813-6d8344c62062,2,3.168
359314b3-5a7c-4dd0-b813-6d8344c62062,2,5.516273972602739
359314b3-5a7c-4dd0-b813-6d8344c62062,2,8.92916129032258
359314b3-5a7c-4dd0-b813-6d8344c62062,2,6.489773195876289
359314b3-5a7c-4dd0-b813-6d8344c62062,2,7.18058091286307
359314b3-5a7c-4dd0-b813-6d8344c62062,2,6.479207547169811
359314b3-5a7c-4dd0-b813-6d8344c62062,2,5.870828375286041
359314b3-5a7c-4dd0-b813-6d8344c62062,2,4.076808184143223
359314b3-5a7c-4dd0-b813-6d8344c62062,2,5.2903080260303685
359314b3-5a7c-4dd0-b813-6d8344c62062,2,4.85557356076759
359314b3-5a7c-4dd0-b813-6d8344c62062,2,6.563223880597015
359314b3-5a7c-4dd0-b813-6d8344c62062,2,5.5605
359314b3-5a7c-4dd0-b813-6d8344c62062,2,6.913238095238095
359314b3-5a7c-4dd0-b813-6d8344c62062,2,7.144723981900452
359314b3-5a7c-4dd0-b813-6d8344c62062,2,8.021062500000001
359314b3-5a7c-4dd0-b813-6d8344c62062,2,3.696
359314b3-5a7c-4dd0-b813-6d8344c62062,2,5.705002053388091
359314b3-5a7c-4dd0-b813-6d8344c62062,2,3.720639999999999
359314b3-5a7c-4dd0-b813-6d8344c62062,2,5.2265316455696205
359314b3-5a7c-4dd0-b813-6d8344c62062,2,5.0718048780487806
359314b3-5a7c-4dd0-b813-6d8344c62062,2,3.048170212765958
359314b3-5a7c-4dd0-b813-6d8344c62062,2,4.050192170818505
359314b3-5a7c-4dd0-b813-6d8344c62062,2,4.085609348914858
359314b3-5a7c-4dd0-b813-6d8344c62062,2,4.891804627249357
359314b3-5a7c-4dd0-b813-6d8344c62062,2,4.846183783783784
359314b3-5a7c-4dd0-b813-6d8344c62062,2,9.787882845188284
359314b3-5a7c-4dd0-b813-6d8344c62062,2,5.285134521880066
359314b3-5a7c-4dd0-b813-6d8344c62062,2,5.344025196850393
359314b3-5a7c-4dd0-b813-6d8344c62062,2,4.168271914132379
359314b3-5a7c-4dd0-b813-6d8344c62062,2,2.7831864406779663
359314b3-5a7c-4dd0-b813-6d8344c62062,2,5.59876160990712
359314b3-5a7c-4dd0-b813-6d8344c62062,2,5.534222222222223
359314b3-5a7c-4dd0-b813-6d8344c62062,2,4.697095320623917
359314b3-5a7c-4dd0-b813-6d8344c62062,2,7.082598726114649
359314b3-5a7c-4dd0-b813-6d8344c62062,2,5.408990228013029
3e4a23a8-c0e7-4ce7-ae53-eeaf9f4c0fd5,1,8.74195744680851
3e4a23a8-c0e7-4ce7-ae53-eeaf9f4c0fd5,1,5.037811965811966
3e4a23a8-c0e7-4ce7-ae53-eeaf9f4c0fd5,1,6.408648648648649
3e4a23a8-c0e7-4ce7-ae53-eeaf9f4c0fd5,1,3.1572244897959183
3e4a23a8-c0e7-4ce7-ae53-eeaf9f4c0fd5,1,6.3464210526315785
3e4a23a8-c0e7-4ce7-ae53-eeaf9f4c0fd5,1,3.105046153846154
3e4a23a8-c0e7-4ce7-ae53-eeaf9f4c0fd5,1,4.879672131147541
3e4a23a8-c0e7-4ce7-ae53-eeaf9f4c0fd5,1,6.518634146341462
3e4a23a8-c0e7-4ce7-ae53-eeaf9f4c0fd5,1,4.484937354988399
3e4a23a8-c0e7-4ce7-ae53-eeaf9f4c0fd5,1,4.562330097087378
3e4a23a8-c0e7-4ce7-ae53-eeaf9f4c0fd5,1,5.5542158859470465
3e4a23a8-c0e7-4ce7-ae53-eeaf9f4c0fd5,1,11.661031982942433
3e4a23a8-c0e7-4ce7-ae53-eeaf9f4c0fd5,1,5.83704
3e4a23a8-c0e7-4ce7-ae53-eeaf9f4c0fd5,1,5.827173184357543
3e4a23a8-c0e7-4ce7-ae53-eeaf9f4c0fd5,1,5.078292134831461
3e4a23a8-c0e7-4ce7-ae53-eeaf9f4c0fd5,1,6.310243902439025
3e4a23a8-c0e7-4ce7-ae53-eeaf9f4c0fd5,1,4.099221006564552
3e4a23a8-c0e7-4ce7-ae53-eeaf9f4c0fd5,1,3.853596958174904
3e4a23a8-c0e7-4ce7-ae53-eeaf9f4c0fd5,1,6.622217821782178
3e4a23a8-c0e7-4ce7-ae53-eeaf9f4c0fd5,1,2.7731820895522388
3e4a23a8-c0e7-4ce7-ae53-eeaf9f4c0fd5,1,3.07553064798599
3e4a23a8-c0e7-4ce7-ae53-eeaf9f4c0fd5,1,7.909990521327013
3e4a23a8-c0e7-4ce7-ae53-eeaf9f4c0fd5,1,4.798961538461539
3e4a23a8-c0e7-4ce7-ae53-eeaf9f4c0fd5,1,3.184349726775956
3e4a23a8-c0e7-4ce7-ae53-eeaf9f4c0fd5,1,4.1740172117039585
3e4a23a8-c0e7-4ce7-ae53-eeaf9f4c0fd5,1,3.880186046511628
3e4a23a8-c0e7-4ce7-ae53-eeaf9f4c0fd5,1,6.2389278350515465
3e4a23a8-c0e7-4ce7-ae53-eeaf9f4c0fd5,1,4.334051522248243
3e4a23a8-c0e7-4ce7-ae53-eeaf9f4c0fd5,1,2.866430769230769
3e4a23a8-c0e7-4ce7-ae53-eeaf9f4c0fd5,1,5.5440000000000005
3e4a23a8-c0e7-4ce7-ae53-eeaf9f4c0fd5,1,6.101482233502538
3e4a23a8-c0e7-4ce7-ae53-eeaf9f4c0fd5,1,10.437182608695652
3e4a23a8-c0e7-4ce7-ae53-eeaf9f4c0fd5,1,5.665617977528091
3e4a23a8-c0e7-4ce7-ae53-eeaf9f4c0fd5,1,5.126553775743708
3e4a23a8-c0e7-4ce7-ae53-eeaf9f4c0fd5,1,5.201734513274337
3e4a23a8-c0e7-4ce7-ae53-eeaf9f4c0fd5,1,5.942706150341685
3e4a23a8-c0e7-4ce7-ae53-eeaf9f4c0fd5,1,5.282232558139536
3e4a23a8-c0e7-4ce7-ae53-eeaf9f4c0fd5,1,4.459373493975904
3e4a23a8-c0e7-4ce7-ae53-eeaf9f4c0fd5,1,3.139079812206573
3e4a23a8-c0e7-4ce7-ae53-eeaf9f4c0fd5,1,4.577986455981941
3e4a23a8-c0e7-4ce7-ae53-eeaf9f4c0fd5,1,3.830327455919395
3e4a23a8-c0e7-4ce7-ae53-eeaf9f4c0fd5,1,9.473951219512196
3e4a23a8-c0e7-4ce7-ae53-eeaf9f4c0fd5,1,6.259314285714286
3e4a23a8-c0e7-4ce7-ae53-eeaf9f4c0fd5,1,7.013647058823529
3e4a23a8-c0e7-4ce7-ae53-eeaf9f4c0fd5,1,6.739706214689266
3e4a23a8-c0e7-4ce7-ae53-eeaf9f4c0fd5,1,3.878947368421053
3e4a23a8-c0e7-4ce7-ae53-eeaf9f4c0fd5,1,2.99668085106383
3e4a23a8-c0e7-4ce7-ae53-eeaf9f4c0fd5,1,7.617553398058253
3e4a23a8-c0e7-4ce7-ae53-eeaf9f4c0fd5,1,3.0448
3e4a23a8-c0e7-4ce7-ae53-eeaf9f4c0fd5,1,4.499186440677966
3e4a23a8-c0e7-4ce7-ae53-eeaf9f4c0fd5,1,7.118048780487805
3e4a23a8-c0e7-4ce7-ae53-eeaf9f4c0fd5,1,4.080175502742231
3e4a23a8-c0e7-4ce7-ae53-eeaf9f4c0fd5,1,10.492193684210529
3e4a23a8-c0e7-4ce7-ae53-eeaf9f4c0fd5,1,10.275905511811024
3e4a23a8-c0e7-4ce7-ae53-eeaf9f4c0fd5,1,6.524375
3e4a23a8-c0e7-4ce7-ae53-eeaf9f4c0fd5,1,9.882340136054422
3e4a23a8-c0e7-4ce7-ae53-eeaf9f4c0fd5,1,6.132561247216036
3e4a23a8-c0e7-4ce7-ae53-eeaf9f4c0fd5,1,6.493249394673123
3e4a23a8-c0e7-4ce7-ae53-eeaf9f4c0fd5,1,5.595720613287904
3e4a23a8-c0e7-4ce7-ae53-eeaf9f4c0fd5,1,7.674029268292682
3e4a23a8-c0e7-4ce7-ae53-eeaf9f4c0fd5,1,8.84768715083799
3e4a23a8-c0e7-4ce7-ae53-eeaf9f4c0fd5,1,6.369472392638037
3e4a23a8-c0e7-4ce7-ae53-eeaf9f4c0fd5,1,8.46962457337884
3e4a23a8-c0e7-4ce7-ae53-eeaf9f4c0fd5,1,6.436661870503598
3e4a23a8-c0e7-4ce7-ae53-eeaf9f4c0fd5,1,6.34255900621118
3e4a23a8-c0e7-4ce7-ae53-eeaf9f4c0fd5,1,5.130220408163265
3e4a23a8-c0e7-4ce7-ae53-eeaf9f4c0fd5,1,4.250597014925374
3e4a23a8-c0e7-4ce7-ae53-eeaf9f4c0fd5,1,4.551211267605634
3e4a23a8-c0e7-4ce7-ae53-eeaf9f4c0fd5,1,6.858666666666666
3e4a23a8-c0e7-4ce7-ae53-eeaf9f4c0fd5,1,3.982317525773196
3e4a23a8-c0e7-4ce7-ae53-eeaf9f4c0fd5,1,3.1212923076923076
3e4a23a8-c0e7-4ce7-ae53-eeaf9f4c0fd5,1,9.236296593186372
52c3627d-635c-44b0-8eca-f1a6c372019d,2,3.761161524500907
52c3627d-635c-44b0-8eca-f1a6c372019d,2,3.9116785714285713
52c3627d-635c-44b0-8eca-f1a6c372019d,2,5.851516483516484
52c3627d-635c-44b0-8eca-f1a6c372019d,2,5.3090109890109884
52c3627d-635c-44b0-8eca-f1a6c372019d,2,7.583644444444444
52c3627d-635c-44b0-8eca-f1a6c372019d,2,6.895119842829077
52c3627d-635c-44b0-8eca-f1a6c372019d,2,9.90155294117647
52c3627d-635c-44b0-8eca-f1a6c372019d,2,6.012255319148937
52c3627d-635c-44b0-8eca-f1a6c372019d,2,4.675793814432989
52c3627d-635c-44b0-8eca-f1a6c372019d,2,6.1624788732394356
52c3627d-635c-44b0-8eca-f1a6c372019d,2,2.5114920634920637
52c3627d-635c-44b0-8eca-f1a6c372019d,2,9.82421563342318
52c3627d-635c-44b0-8eca-f1a6c372019d,2,6.500377358490567
52c3627d-635c-44b0-8eca-f1a6c372019d,2,2.427711340206186
52c3627d-635c-44b0-8eca-f1a6c372019d,2,6.833391304347827
52c3627d-635c-44b0-8eca-f1a6c372019d,2,9.002653846153846
52c3627d-635c-44b0-8eca-f1a6c372019d,2,7.05568695652174
52c3627d-635c-44b0-8eca-f1a6c372019d,2,8.07972
52c3627d-635c-44b0-8eca-f1a6c372019d,2,7.1292110091743135
52c3627d-635c-44b0-8eca-f1a6c372019d,2,4.089485714285715
52c3627d-635c-44b0-8eca-f1a6c372019d,2,3.053514563106796
52c3627d-635c-44b0-8eca-f1a6c372019d,2,4.797224839400428
52c3627d-635c-44b0-8eca-f1a6c372019d,2,4.8437446808510645
52c3627d-635c-44b0-8eca-f1a6c372019d,2,2.9646222222222223
52c3627d-635c-44b0-8eca-f1a6c372019d,2,2.4338200339558576
52c3627d-635c-44b0-8eca-f1a6c372019d,2,7.9555955056179775
52c3627d-635c-44b0-8eca-f1a6c372019d,2,5.352081911262798
52c3627d-635c-44b0-8eca-f1a6c372019d,2,3.642375
52c3627d-635c-44b0-8eca-f1a6c372019d,2,5.774937381404175
52c3627d-635c-44b0-8eca-f1a6c372019d,2,2.442486008836525
52c3627d-635c-44b0-8eca-f1a6c372019d,2,3.785427027027027
52c3627d-635c-44b0-8eca-f1a6c372019d,2,6.966992592592592
84a32360-b241-415e-9626-55dddd442162,1,8.386074074074074
84a32360-b241-415e-9626-55dddd442162,1,3.628952380952381
84a32360-b241-415e-9626-55dddd442162,1,4.225959183673469
84a32360-b241-415e-9626-55dddd442162,1,6.74818064516129
84a32360-b241-415e-9626-55dddd442162,1,3.288757097791798
84a32360-b241-415e-9626-55dddd442162,1,4.274791946308724
84a32360-b241-415e-9626-55dddd442162,1,4.37976
84a32360-b241-415e-9626-55dddd442162,1,4.083941052631579
84a32360-b241-415e-9626-55dddd442162,1,10.99621505376344
84a32360-b241-415e-9626-55dddd442162,1,3.6118848368522074
84a32360-b241-415e-9626-55dddd442162,1,7.8176
84a32360-b241-415e-9626-55dddd442162,1,6.783733966745843
84a32360-b241-415e-9626-55dddd442162,1,6.9163018867924535
84a32360-b241-415e-9626-55dddd442162,1,5.699929824561403
84a32360-b241-415e-9626-55dddd442162,1,3.2360174672489084
84a32360-b241-415e-9626-55dddd442162,1,5.727764705882353
84a32360-b241-415e-9626-55dddd442162,1,2.838127659574468
84a32360-b241-415e-9626-55dddd442162,1,3.3299495798319327
84a32360-b241-415e-9626-55dddd442162,1,5.731180327868852
84a32360-b241-415e-9626-55dddd442162,1,6.000289738430583
84a32360-b241-415e-9626-55dddd442162,1,3.883180327868853
84a32360-b241-415e-9626-55dddd442162,1,7.3695
84a32360-b241-415e-9626-55dddd442162,1,6.440470588235295
84a32360-b241-415e-9626-55dddd442162,1,3.7814117647058825
396f53e6-e4aa-4d49-861d-5cab0e380592,2,5.718794520547945
396f53e6-e4aa-4d49-861d-5cab0e380592,2,5.200503370786517
396f53e6-e4aa-4d49-861d-5cab0e380592,2,5.362578199052132
396f53e6-e4aa-4d49-861d-5cab0e380592,2,3.996851258581235
396f53e6-e4aa-4d49-861d-5cab0e380592,2,6.278786377708979
396f53e6-e4aa-4d49-861d-5cab0e380592,2,4.44312
396f53e6-e4aa-4d49-861d-5cab0e380592,2,3.3038899803536346
396f53e6-e4aa-4d49-861d-5cab0e380592,2,4.5408
396f53e6-e4aa-4d49-861d-5cab0e380592,2,4.815066666666667
396f53e6-e4aa-4d49-861d-5cab0e380592,2,5.5476363636363635
396f53e6-e4aa-4d49-861d-5cab0e380592,2,7.076974789915966
396f53e6-e4aa-4d49-861d-5cab0e380592,2,3.6356571428571423
396f53e6-e4aa-4d49-861d-5cab0e380592,2,3.953653846153846
396f53e6-e4aa-4d49-861d-5cab0e380592,2,5.001703971119134
396f53e6-e4aa-4d49-861d-5cab0e380592,2,3.963957173447538
396f53e6-e4aa-4d49-861d-5cab0e380592,2,5.479081967213115
396f53e6-e4aa-4d49-861d-5cab0e380592,2,4.859846808510638
396f53e6-e4aa-4d49-861d-5cab0e380592,2,3.3207611650485434
396f53e6-e4aa-4d49-861d-5cab0e380592,2,5.991121387283237
396f53e6-e4aa-4d49-861d-5cab0e380592,2,4.312926315789474
396f53e6-e4aa-4d49-861d-5cab0e380592,2,4.753007633587786
396f53e6-e4aa-4d49-861d-5cab0e380592,2,3.031309644670051
396f53e6-e4aa-4d49-861d-5cab0e380592,2,2.6156457564575644
396f53e6-e4aa-4d49-861d-5cab0e380592,2,3.2650256410256406
396f53e6-e4aa-4d49-861d-5cab0e380592,2,5.183020408163265
396f53e6-e4aa-4d49-861d-5cab0e380592,2,3.941626373626373
396f53e6-e4aa-4d49-861d-5cab0e380592,2,3.759317073170732
396f53e6-e4aa-4d49-861d-5cab0e380592,2,4.650255578093306
396f53e6-e4aa-4d49-861d-5cab0e380592,2,5.318871165644171
396f53e6-e4aa-4d49-861d-5cab0e380592,2,5.494229508196721
396f53e6-e4aa-4d49-861d-5cab0e380592,2,3.5257976470588237
396f53e6-e4aa-4d49-861d-5cab0e380592,2,4.794110429447852
396f53e6-e4aa-4d49-861d-5cab0e380592,2,4.442166666666667
396f53e6-e4aa-4d49-861d-5cab0e380592,2,4.138524590163934
396f53e6-e4aa-4d49-861d-5cab0e380592,2,3.4983742911153115
396f53e6-e4aa-4d49-861d-5cab0e380592,2,3.8968795811518326
396f53e6-e4aa-4d49-861d-5cab0e380592,2,10.219410048622365
396f53e6-e4aa-4d49-861d-5cab0e380592,2,7.1657142857142855
396f53e6-e4aa-4d49-861d-5cab0e380592,2,3.013185185185185
396f53e6-e4aa-4d49-861d-5cab0e380592,2,3.90936312849162
396f53e6-e4aa-4d49-861d-5cab0e380592,2,6.315927272727272
396f53e6-e4aa-4d49-861d-5cab0e380592,2,6.1793271028037395
396f53e6-e4aa-4d49-861d-5cab0e380592,2,3.2818091872791517
396f53e6-e4aa-4d49-861d-5cab0e380592,2,3.118923076923077
396f53e6-e4aa-4d49-861d-5cab0e380592,2,4.614606451612903
396f53e6-e4aa-4d49-861d-5cab0e380592,2,3.369829351535836
396f53e6-e4aa-4d49-861d-5cab0e380592,2,6.192963210702342
396f53e6-e4aa-4d49-861d-5cab0e380592,2,3.949790055248619
396f53e6-e4aa-4d49-861d-5cab0e380592,2,4.590579881656805
396f53e6-e4aa-4d49-861d-5cab0e380592,2,4.0678039927404726
396f53e6-e4aa-4d49-861d-5cab0e380592,2,3.151250755287009
396f53e6-e4aa-4d49-861d-5cab0e380592,2,4.2987811158798275
396f53e6-e4aa-4d49-861d-5cab0e380592,2,5.228307692307692
396f53e6-e4aa-4d49-861d-5cab0e380592,2,3.445149425287356
396f53e6-e4aa-4d49-861d-5cab0e380592,2,4.17736
396f53e6-e4aa-4d49-861d-5cab0e380592,2,7.243657142857143
396f53e6-e4aa-4d49-861d-5cab0e380592,2,5.25435175879397
396f53e6-e4aa-4d49-861d-5cab0e380592,2,5.950933333333333
396f53e6-e4aa-4d49-861d-5cab0e380592,2,3.831929947460595
396f53e6-e4aa-4d49-861d-5cab0e380592,2,10.27812283464567
74500da8-b16d-48c9-a573-2b507d395bbb,1,6.8517919075144516
74500da8-b16d-48c9-a573-2b507d395bbb,1,6.954425196850393
74500da8-b16d-48c9-a573-2b507d395bbb,1,8.390452316076294
74500da8-b16d-48c9-a573-2b507d395bbb,1,2.8235241635687727
74500da8-b16d-48c9-a573-2b507d395bbb,1,3.9701538461538464
74500da8-b16d-48c9-a573-2b507d395bbb,1,5.313336048879837
74500da8-b16d-48c9-a573-2b507d395bbb,1,3.483288343558282
74500da8-b16d-48c9-a573-2b507d395bbb,1,5.708645161290323
74500da8-b16d-48c9-a573-2b507d395bbb,1,7.135314861460957
74500da8-b16d-48c9-a573-2b507d395bbb,1,6.432186046511627
74500da8-b16d-48c9-a573-2b507d395bbb,1,3.631634285714285
957d4d90-5e33-448f-8662-9a27f6f2b66c,2,6.7384297994269335
957d4d90-5e33-448f-8662-9a27f6f2b66c,2,7.6265273159144895
957d4d90-5e33-448f-8662-9a27f6f2b66c,2,4.459626168224299
957d4d90-5e33-448f-8662-9a27f6f2b66c,2,7.404247422680412
957d4d90-5e33-448f-8662-9a27f6f2b66c,2,2.623573333333333
957d4d90-5e33-448f-8662-9a27f6f2b66c,2,3.153761797752809
957d4d90-5e33-448f-8662-9a27f6f2b66c,2,3.1784761904761902
957d4d90-5e33-448f-8662-9a27f6f2b66c,2,4.618831858407079
957d4d90-5e33-448f-8662-9a27f6f2b66c,2,5.684923076923076
957d4d90-5e33-448f-8662-9a27f6f2b66c,2,5.222181818181818
957d4d90-5e33-448f-8662-9a27f6f2b66c,2,3.571315662650602
957d4d90-5e33-448f-8662-9a27f6f2b66c,2,4.988379562043796
957d4d90-5e33-448f-8662-9a27f6f2b66c,2,4.1527708779443255
957d4d90-5e33-448f-8662-9a27f6f2b66c,2,4.0568339768339765
957d4d90-5e33-448f-8662-9a27f6f2b66c,2,4.01827255278311
957d4d90-5e33-448f-8662-9a27f6f2b66c,2,5.405508196721312
957d4d90-5e33-448f-8662-9a27f6f2b66c,2,5.349067125645439
957d4d90-5e33-448f-8662-9a27f6f2b66c,2,10.099898477157362
957d4d90-5e33-448f-8662-9a27f6f2b66c,2,5.605875
957d4d90-5e33-448f-8662-9a27f6f2b66c,2,4.052325141776937
957d4d90-5e33-448f-8662-9a27f6f2b66c,2,8.390574018126888
957d4d90-5e33-448f-8662-9a27f6f2b66c,2,3.5181589958158996
957d4d90-5e33-448f-8662-9a27f6f2b66c,2,2.7068733459357275
957d4d90-5e33-448f-8662-9a27f6f2b66c,2,5.595096774193548
957d4d90-5e33-448f-8662-9a27f6f2b66c,2,6.556363636363637
957d4d90-5e33-448f-8662-9a27f6f2b66c,2,3.8600108991825617
957d4d90-5e33-448f-8662-9a27f6f2b66c,2,4.202953206239168
957d4d90-5e33-448f-8662-9a27f6f2b66c,2,3.024
957d4d90-5e33-448f-8662-9a27f6f2b66c,2,3.2799012345679017
957d4d90-5e33-448f-8662-9a27f6f2b66c,2,4.303738775510204
957d4d90-5e33-448f-8662-9a27f6f2b66c,2,5.0666
c9a0db8e-8359-4a36-8e49-5080627736e3,1,5.276110497237569
c9a0db8e-8359-4a36-8e49-5080627736e3,1,6.161089783281734
c9a0db8e-8359-4a36-8e49-5080627736e3,1,5.056849884526559
c9a0db8e-8359-4a36-8e49-5080627736e3,1,6.0553043478260875
c9a0db8e-8359-4a36-8e49-5080627736e3,1,8.91558208955224
c9a0db8e-8359-4a36-8e49-5080627736e3,1,4.184662251655629
c9a0db8e-8359-4a36-8e49-5080627736e3,1,5.299386609071275
c9a0db8e-8359-4a36-8e49-5080627736e3,1,5.563646511627907
c9a0db8e-8359-4a36-8e49-5080627736e3,1,5.062517162471396
c9a0db8e-8359-4a36-8e49-5080627736e3,1,6.673021276595745
c9a0db8e-8359-4a36-8e49-5080627736e3,1,5.839111111111111
c9a0db8e-8359-4a36-8e49-5080627736e3,1,6.2588213457076565
c9a0db8e-8359-4a36-8e49-5080627736e3,1,6.279710021321962
c9a0db8e-8359-4a36-8e49-5080627736e3,1,6.150896551724138
c9a0db8e-8359-4a36-8e49-5080627736e3,1,7.362517766497461
c9a0db8e-8359-4a36-8e49-5080627736e3,1,3.96
c9a0db8e-8359-4a36-8e49-5080627736e3,1,5.306129692832765
c9a0db8e-8359-4a36-8e49-5080627736e3,1,2.8983629893238434
c9a0db8e-8359-4a36-8e49-5080627736e3,1,4.155982532751092
c9a0db8e-8359-4a36-8e49-5080627736e3,1,4.056585365853659
c9a0db8e-8359-4a36-8e49-5080627736e3,1,6.855072463768116
c9a0db8e-8359-4a36-8e49-5080627736e3,1,5.201825242718447
c9a0db8e-8359-4a36-8e49-5080627736e3,1,2.856740740740741
c9a0db8e-8359-4a36-8e49-5080627736e3,1,3.3853551912568305
c9a0db8e-8359-4a36-8e49-5080627736e3,1,5.350104201680672
c9a0db8e-8359-4a36-8e49-5080627736e3,1,8.24910569105691
c9a0db8e-8359-4a36-8e49-5080627736e3,1,5.1876591928251115
c9a0db8e-8359-4a36-8e49-5080627736e3,1,4.233409900990099
c9a0db8e-8359-4a36-8e49-5080627736e3,1,6.298285714285713
c9a0db8e-8359-4a36-8e49-5080627736e3,1,3.480752613240418
c9a0db8e-8359-4a36-8e49-5080627736e3,1,3.535636363636364
c9a0db8e-8359-4a36-8e49-5080627736e3,1,4.35072
c9a0db8e-8359-4a36-8e49-5080627736e3,1,8.675928712871288
c9a0db8e-8359-4a36-8e49-5080627736e3,1,5.322733812949641
c9a0db8e-8359-4a36-8e49-5080627736e3,1,4.946868189806679
c9a0db8e-8359-4a36-8e49-5080627736e3,1,3.0525591397849468
c9a0db8e-8359-4a36-8e49-5080627736e3,1,8.201292576419213
c9a0db8e-8359-4a36-8e49-5080627736e3,1,6.205039370078739
c9a0db8e-8359-4a36-8e49-5080627736e3,1,4.144911392405064
c9a0db8e-8359-4a36-8e49-5080627736e3,1,4.126997912317328
c9a0db8e-8359-4a36-8e49-5080627736e3,1,4.155054545454546
c9a0db8e-8359-4a36-8e49-5080627736e3,1,6.493973045822102
c9a0db8e-8359-4a36-8e49-5080627736e3,1,5.973870503597122
c9a0db8e-8359-4a36-8e49-5080627736e3,1,6.465354120267261
c9a0db8e-8359-4a36-8e49-5080627736e3,1,4.026
c9a0db8e-8359-4a36-8e49-5080627736e3,1,3.1898810810810807
c9a0db8e-8359-4a36-8e49-5080627736e3,1,5.529743016759776
c9a0db8e-8359-4a36-8e49-5080627736e3,1,4.201868263473054
c9a0db8e-8359-4a36-8e49-5080627736e3,1,5.775883211678832
c9a0db8e-8359-4a36-8e49-5080627736e3,1,4.966393088552916
c9a0db8e-8359-4a36-8e49-5080627736e3,1,11.5335873015873
c9a0db8e-8359-4a36-8e49-5080627736e3,1,5.310928870292887
c9a0db8e-8359-4a36-8e49-5080627736e3,1,3.1251063829787236
c9a0db8e-8359-4a36-8e49-5080627736e3,1,8.21436
c9a0db8e-8359-4a36-8e49-5080627736e3,1,3.700800000000001
c9a0db8e-8359-4a36-8e49-5080627736e3,1,3.5606642599277976
c9a0db8e-8359-4a36-8e49-5080627736e3,1,7.229037037037037
c9a0db8e-8359-4a36-8e49-5080627736e3,1,3.5117068062827226
c9a0db8e-8359-4a36-8e49-5080627736e3,1,3.104712328767124
c9a0db8e-8359-4a36-8e49-5080627736e3,1,2.806306368330465
c9a0db8e-8359-4a36-8e49-5080627736e3,1,5.956545961002785
f43c63f7-4814-4cda-8fb8-a6a19cfbc342,2,7.766532871972319
f43c63f7-4814-4cda-8fb8-a6a19cfbc342,2,7.189410071942445
f43c63f7-4814-4cda-8fb8-a6a19cfbc342,2,2.8437333333333332
f43c63f7-4814-4cda-8fb8-a6a19cfbc342,2,4.892081632653062
f43c63f7-4814-4cda-8fb8-a6a19cfbc342,2,3.5200000000000005
f43c63f7-4814-4cda-8fb8-a6a19cfbc342,2,4.77409691629956
f43c63f7-4814-4cda-8fb8-a6a19cfbc342,2,5.135558620689655
f43c63f7-4814-4cda-8fb8-a6a19cfbc342,2,4.416118811881188
f43c63f7-4814-4cda-8fb8-a6a19cfbc342,2,5.002366197183099
f43c63f7-4814-4cda-8fb8-a6a19cfbc342,2,9.090917647058824
f43c63f7-4814-4cda-8fb8-a6a19cfbc342,2,4.682796116504854
f43c63f7-4814-4cda-8fb8-a6a19cfbc342,2,3.771964476021315
f43c63f7-4814-4cda-8fb8-a6a19cfbc342,2,3.719685981308411
f43c63f7-4814-4cda-8fb8-a6a19cfbc342,2,4.020022181146025
f43c63f7-4814-4cda-8fb8-a6a19cfbc342,2,7.303818556701031
f43c63f7-4814-4cda-8fb8-a6a19cfbc342,2,7.204380582524272
f43c63f7-4814-4cda-8fb8-a6a19cfbc342,2,2.9452075471698107
f43c63f7-4814-4cda-8fb8-a6a19cfbc342,2,4.676968421052631
f43c63f7-4814-4cda-8fb8-a6a19cfbc342,2,2.5760289330922244
f43c63f7-4814-4cda-8fb8-a6a19cfbc342,2,4.5612455089820365
f43c63f7-4814-4cda-8fb8-a6a19cfbc342,2,3.218947368421053
f43c63f7-4814-4cda-8fb8-a6a19cfbc342,2,7.659874213836479
f43c63f7-4814-4cda-8fb8-a6a19cfbc342,2,5.677978586723769
f43c63f7-4814-4cda-8fb8-a6a19cfbc342,2,5.211870967741935
f43c63f7-4814-4cda-8fb8-a6a19cfbc342,2,2.657097142857143
f43c63f7-4814-4cda-8fb8-a6a19cfbc342,2,4.958761061946902
f43c63f7-4814-4cda-8fb8-a6a19cfbc342,2,5.218088495575221
f43c63f7-4814-4cda-8fb8-a6a19cfbc342,2,6.782595289079229
f43c63f7-4814-4cda-8fb8-a6a19cfbc342,2,4.046530271398748
f43c63f7-4814-4cda-8fb8-a6a19cfbc342,2,3.976554455445545
f43c63f7-4814-4cda-8fb8-a6a19cfbc342,2,4.2442643923240935
f43c63f7-4814-4cda-8fb8-a6a19cfbc342,2,2.5312941176470587
f43c63f7-4814-4cda-8fb8-a6a19cfbc342,2,5.054791836734694
f43c63f7-4814-4cda-8fb8-a6a19cfbc342,2,4.098693711967545
f43c63f7-4814-4cda-8fb8-a6a19cfbc342,2,4.232531418312387
