x,ecdf_true,ecdf_pred,signed_gap_true_minus_pred,abs_gap
1.5915828943252563,0.0,0.004608294930875576,-0.004608294930875576,0.004608294930875576
1.841866970062256,0.0,0.009216589861751152,-0.009216589861751152,0.009216589861751152
1.998684883117676,0.004608294930875576,0.009216589861751152,-0.004608294930875576,0.004608294930875576
2.024846076965332,0.009216589861751152,0.009216589861751152,0.0,0.0
2.0407440662384033,0.009216589861751152,0.013824884792626729,-0.004608294930875577,0.004608294930875577
2.0462467670440674,0.009216589861751152,0.018433179723502304,-0.009216589861751152,0.009216589861751152
2.0515899658203125,0.013824884792626729,0.018433179723502304,-0.004608294930875575,0.004608294930875575
2.0711798667907715,0.018433179723502304,0.018433179723502304,0.0,0.0
2.0836336612701416,0.018433179723502304,0.02304147465437788,-0.004608294930875577,0.004608294930875577
2.1235477924346924,0.018433179723502304,0.027649769585253458,-0.009216589861751154,0.009216589861751154
2.162407875061035,0.02304147465437788,0.027649769585253458,-0.004608294930875577,0.004608294930875577
2.180388927459717,0.02304147465437788,0.03225806451612903,-0.00921658986175115,0.00921658986175115
2.2365200519561768,0.02304147465437788,0.03686635944700461,-0.013824884792626727,0.013824884792626727
2.253054141998291,0.027649769585253458,0.03686635944700461,-0.00921658986175115,0.00921658986175115
2.272346258163452,0.027649769585253458,0.041474654377880185,-0.013824884792626727,0.013824884792626727
2.296624183654785,0.027649769585253458,0.04608294930875576,-0.018433179723502304,0.018433179723502304
2.3010637760162354,0.027649769585253458,0.05069124423963134,-0.02304147465437788,0.02304147465437788
2.313629150390625,0.027649769585253458,0.055299539170506916,-0.027649769585253458,0.027649769585253458
2.3163082599639893,0.027649769585253458,0.059907834101382486,-0.03225806451612903,0.03225806451612903
2.4170095920562744,0.027649769585253458,0.06451612903225806,-0.0368663594470046,0.0368663594470046
2.452844619750977,0.027649769585253458,0.06912442396313365,-0.041474654377880185,0.041474654377880185
2.4594342708587646,0.027649769585253458,0.07373271889400922,-0.046082949308755755,0.046082949308755755
2.531294107437134,0.03225806451612903,0.07373271889400922,-0.041474654377880185,0.041474654377880185
2.542386531829834,0.03686635944700461,0.07373271889400922,-0.03686635944700461,0.03686635944700461
2.5547492504119873,0.03686635944700461,0.07834101382488479,-0.04147465437788018,0.04147465437788018
2.573931932449341,0.03686635944700461,0.08294930875576037,-0.04608294930875576,0.04608294930875576
2.576028823852539,0.041474654377880185,0.08294930875576037,-0.041474654377880185,0.041474654377880185
2.595733880996704,0.041474654377880185,0.08755760368663594,-0.046082949308755755,0.046082949308755755
2.61564564704895,0.04608294930875576,0.08755760368663594,-0.04147465437788018,0.04147465437788018
2.623573303222656,0.05069124423963134,0.08755760368663594,-0.0368663594470046,0.0368663594470046
2.657097101211548,0.055299539170506916,0.08755760368663594,-0.032258064516129024,0.032258064516129024
2.6606204509735107,0.055299539170506916,0.09216589861751152,-0.03686635944700461,0.03686635944700461
2.66239333152771,0.055299539170506916,0.0967741935483871,-0.04147465437788018,0.04147465437788018
2.7068734169006348,0.059907834101382486,0.0967741935483871,-0.03686635944700461,0.03686635944700461
2.710202217102051,0.06451612903225806,0.0967741935483871,-0.03225806451612903,0.03225806451612903
2.7197177410125732,0.06451612903225806,0.10138248847926268,-0.036866359447004615,0.036866359447004615
2.7415976524353027,0.06912442396313365,0.10138248847926268,-0.03225806451612903,0.03225806451612903
2.796227216720581,0.06912442396313365,0.10599078341013825,-0.0368663594470046,0.0368663594470046
2.8063063621520996,0.07373271889400922,0.10599078341013825,-0.03225806451612903,0.03225806451612903
2.823524236679077,0.07834101382488479,0.10599078341013825,-0.02764976958525346,0.02764976958525346
2.8415000438690186,0.07834101382488479,0.11059907834101383,-0.032258064516129045,0.032258064516129045
2.843733310699463,0.08294930875576037,0.11059907834101383,-0.02764976958525346,0.02764976958525346
2.856740713119507,0.08755760368663594,0.11059907834101383,-0.02304147465437789,0.02304147465437789
2.8806426525115967,0.08755760368663594,0.1152073732718894,-0.02764976958525346,0.02764976958525346
2.898362874984741,0.09216589861751152,0.1152073732718894,-0.023041474654377878,0.023041474654377878
2.8989081382751465,0.09216589861751152,0.11981566820276497,-0.027649769585253448,0.027649769585253448
2.9085805416107178,0.09216589861751152,0.12442396313364056,-0.03225806451612903,0.03225806451612903
2.9124786853790283,0.09216589861751152,0.12903225806451613,-0.0368663594470046,0.0368663594470046
2.9452075958251953,0.0967741935483871,0.12903225806451613,-0.03225806451612903,0.03225806451612903
2.9649956226348877,0.0967741935483871,0.1336405529953917,-0.036866359447004615,0.036866359447004615
2.9952690601348877,0.0967741935483871,0.1382488479262673,-0.0414746543778802,0.0414746543778802
3.0131852626800537,0.10138248847926268,0.1382488479262673,-0.036866359447004615,0.036866359447004615
3.01780104637146,0.10138248847926268,0.14285714285714285,-0.04147465437788017,0.04147465437788017
3.0239999294281006,0.10599078341013825,0.14285714285714285,-0.0368663594470046,0.0368663594470046
3.0313096046447754,0.11059907834101383,0.14285714285714285,-0.03225806451612902,0.03225806451612902
3.0525591373443604,0.1152073732718894,0.14285714285714285,-0.027649769585253448,0.027649769585253448
3.0781702995300293,0.1152073732718894,0.14746543778801843,-0.03225806451612903,0.03225806451612903
3.1047122478485107,0.11981566820276497,0.14746543778801843,-0.02764976958525346,0.02764976958525346
3.1189231872558594,0.12442396313364056,0.14746543778801843,-0.023041474654377878,0.023041474654377878
3.1251063346862793,0.12903225806451613,0.14746543778801843,-0.018433179723502308,0.018433179723502308
3.1512508392333984,0.1336405529953917,0.14746543778801843,-0.013824884792626724,0.013824884792626724
3.153761863708496,0.1382488479262673,0.14746543778801843,-0.00921658986175114,0.00921658986175114
3.1670072078704834,0.1382488479262673,0.15207373271889402,-0.013824884792626724,0.013824884792626724
3.1707987785339355,0.1382488479262673,0.15668202764976957,-0.01843317972350228,0.01843317972350228
3.1713545322418213,0.1382488479262673,0.16129032258064516,-0.023041474654377864,0.023041474654377864
3.178476095199585,0.14285714285714285,0.16129032258064516,-0.018433179723502308,0.018433179723502308
3.1898810863494873,0.14746543778801843,0.16129032258064516,-0.013824884792626724,0.013824884792626724
3.205599069595337,0.14746543778801843,0.16589861751152074,-0.018433179723502308,0.018433179723502308
3.218947410583496,0.15207373271889402,0.16589861751152074,-0.013824884792626724,0.013824884792626724
3.2470815181732178,0.15207373271889402,0.17050691244239632,-0.018433179723502308,0.018433179723502308
3.2650256156921387,0.15668202764976957,0.17050691244239632,-0.013824884792626752,0.013824884792626752
3.2729830741882324,0.15668202764976957,0.17511520737327188,-0.018433179723502308,0.018433179723502308
3.2799012660980225,0.16129032258064516,0.17511520737327188,-0.013824884792626724,0.013824884792626724
3.281809091567993,0.16589861751152074,0.17511520737327188,-0.00921658986175114,0.00921658986175114
3.2844398021698,0.16589861751152074,0.17972350230414746,-0.013824884792626724,0.013824884792626724
3.3038899898529053,0.17050691244239632,0.17972350230414746,-0.00921658986175114,0.00921658986175114
3.320761203765869,0.17511520737327188,0.17972350230414746,-0.004608294930875584,0.004608294930875584
3.326685667037964,0.17511520737327188,0.18433179723502305,-0.009216589861751168,0.009216589861751168
3.330772638320923,0.17511520737327188,0.1889400921658986,-0.013824884792626724,0.013824884792626724
3.345566987991333,0.17511520737327188,0.1935483870967742,-0.018433179723502308,0.018433179723502308
3.3698294162750244,0.17972350230414746,0.1935483870967742,-0.013824884792626724,0.013824884792626724
3.385355234146118,0.18433179723502305,0.1935483870967742,-0.00921658986175114,0.00921658986175114
3.389463424682617,0.18433179723502305,0.19815668202764977,-0.013824884792626724,0.013824884792626724
3.421891927719116,0.18433179723502305,0.20276497695852536,-0.018433179723502308,0.018433179723502308
3.434962749481201,0.18433179723502305,0.2073732718894009,-0.023041474654377864,0.023041474654377864
3.4451494216918945,0.1889400921658986,0.2073732718894009,-0.018433179723502308,0.018433179723502308
3.454756736755371,0.1889400921658986,0.2119815668202765,-0.02304147465437789,0.02304147465437789
3.47000789642334,0.1889400921658986,0.21658986175115208,-0.027649769585253475,0.027649769585253475
3.4724667072296143,0.1889400921658986,0.22119815668202766,-0.03225806451612906,0.03225806451612906
3.48075270652771,0.1935483870967742,0.22119815668202766,-0.027649769585253475,0.027649769585253475
3.483288288116455,0.19815668202764977,0.22119815668202766,-0.02304147465437789,0.02304147465437789
3.4983742237091064,0.20276497695852536,0.22119815668202766,-0.018433179723502308,0.018433179723502308
3.5090439319610596,0.20276497695852536,0.22580645161290322,-0.023041474654377864,0.023041474654377864
3.511706829071045,0.2073732718894009,0.22580645161290322,-0.018433179723502308,0.018433179723502308
3.5181589126586914,0.2119815668202765,0.22580645161290322,-0.013824884792626724,0.013824884792626724
3.5199999809265137,0.21658986175115208,0.22580645161290322,-0.00921658986175114,0.00921658986175114
3.520533800125122,0.21658986175115208,0.2304147465437788,-0.013824884792626724,0.013824884792626724
3.5257976055145264,0.22119815668202766,0.2304147465437788,-0.00921658986175114,0.00921658986175114
3.530720472335815,0.22119815668202766,0.2350230414746544,-0.013824884792626724,0.013824884792626724
3.5356364250183105,0.22580645161290322,0.2350230414746544,-0.009216589861751168,0.009216589861751168
3.560664176940918,0.2304147465437788,0.2350230414746544,-0.004608294930875584,0.004608294930875584
3.5713157653808594,0.2350230414746544,0.2350230414746544,0.0,0.0
3.613478422164917,0.2350230414746544,0.23963133640552994,-0.004608294930875556,0.004608294930875556
3.63163423538208,0.23963133640552994,0.23963133640552994,0.0,0.0
3.6326465606689458,0.23963133640552994,0.24423963133640553,-0.004608294930875584,0.004608294930875584
3.633862257003784,0.23963133640552994,0.2488479262672811,-0.009216589861751168,0.009216589861751168
3.6356570720672607,0.24423963133640553,0.2488479262672811,-0.004608294930875584,0.004608294930875584
3.6471023559570312,0.24423963133640553,0.2534562211981567,-0.009216589861751168,0.009216589861751168
3.6499972343444824,0.24423963133640553,0.25806451612903225,-0.013824884792626724,0.013824884792626724
3.68468165397644,0.24423963133640553,0.2626728110599078,-0.01843317972350228,0.01843317972350228
3.7007999420166016,0.2488479262672811,0.2626728110599078,-0.013824884792626696,0.013824884792626696
3.7156264781951904,0.2488479262672811,0.2672811059907834,-0.018433179723502308,0.018433179723502308
3.7196860313415527,0.2534562211981567,0.2672811059907834,-0.013824884792626724,0.013824884792626724
3.752392292022705,0.2534562211981567,0.271889400921659,-0.01843317972350228,0.01843317972350228
3.754453897476196,0.2534562211981567,0.2764976958525346,-0.02304147465437789,0.02304147465437789
3.75931715965271,0.25806451612903225,0.2764976958525346,-0.018433179723502335,0.018433179723502335
3.768198966979981,0.25806451612903225,0.28110599078341014,-0.02304147465437789,0.02304147465437789
3.7719645500183105,0.2626728110599078,0.28110599078341014,-0.018433179723502335,0.018433179723502335
3.787151575088501,0.2626728110599078,0.2857142857142857,-0.02304147465437789,0.02304147465437789
3.826530694961548,0.2626728110599078,0.2903225806451613,-0.027649769585253503,0.027649769585253503
3.831929922103882,0.2672811059907834,0.2903225806451613,-0.02304147465437789,0.02304147465437789
3.842625617980957,0.2672811059907834,0.29493087557603687,-0.027649769585253448,0.027649769585253448
3.84836220741272,0.2672811059907834,0.2995391705069124,-0.032258064516129004,0.032258064516129004
3.849334955215454,0.2672811059907834,0.30414746543778803,-0.036866359447004615,0.036866359447004615
3.860010862350464,0.271889400921659,0.30414746543778803,-0.03225806451612906,0.03225806451612906
3.8634095191955566,0.271889400921659,0.3087557603686636,-0.036866359447004615,0.036866359447004615
3.865859270095825,0.271889400921659,0.31336405529953915,-0.04147465437788017,0.04147465437788017
3.88287901878357,0.271889400921659,0.31797235023041476,-0.04608294930875578,0.04608294930875578
3.8968796730041504,0.2764976958525346,0.31797235023041476,-0.04147465437788017,0.04147465437788017
3.909363031387329,0.28110599078341014,0.31797235023041476,-0.036866359447004615,0.036866359447004615
3.927148580551147,0.28110599078341014,0.3225806451612903,-0.04147465437788017,0.04147465437788017
3.933699131011963,0.28110599078341014,0.3271889400921659,-0.04608294930875578,0.04608294930875578
3.9416263103485103,0.2857142857142857,0.3271889400921659,-0.04147465437788023,0.04147465437788023
3.9497900009155273,0.2903225806451613,0.3271889400921659,-0.036866359447004615,0.036866359447004615
3.9536538124084473,0.29493087557603687,0.3271889400921659,-0.03225806451612906,0.03225806451612906
3.955755710601806,0.29493087557603687,0.3317972350230415,-0.036866359447004615,0.036866359447004615
3.9600000381469727,0.2995391705069124,0.3317972350230415,-0.03225806451612906,0.03225806451612906
3.9639570713043217,0.30414746543778803,0.3317972350230415,-0.027649769585253448,0.027649769585253448
3.9659037590026855,0.30414746543778803,0.33640552995391704,-0.032258064516129004,0.032258064516129004
3.97015380859375,0.3087557603686636,0.33640552995391704,-0.027649769585253448,0.027649769585253448
3.9765543937683105,0.31336405529953915,0.33640552995391704,-0.02304147465437789,0.02304147465437789
3.9968512058258057,0.31797235023041476,0.33640552995391704,-0.01843317972350228,0.01843317972350228
4.018272399902344,0.3225806451612903,0.33640552995391704,-0.013824884792626724,0.013824884792626724
4.020022392272949,0.3271889400921659,0.33640552995391704,-0.009216589861751112,0.009216589861751112
4.026000022888184,0.3317972350230415,0.33640552995391704,-0.004608294930875556,0.004608294930875556
4.040402412414551,0.3317972350230415,0.34101382488479265,-0.009216589861751168,0.009216589861751168
4.04319953918457,0.3317972350230415,0.3456221198156682,-0.013824884792626724,0.013824884792626724
4.046530246734619,0.33640552995391704,0.3456221198156682,-0.009216589861751168,0.009216589861751168
4.052325248718262,0.34101382488479265,0.3456221198156682,-0.004608294930875556,0.004608294930875556
4.056585311889648,0.3456221198156682,0.3456221198156682,0.0,0.0
4.056833744049072,0.35023041474654376,0.3456221198156682,0.004608294930875556,0.004608294930875556
4.067803859710693,0.3548387096774194,0.3456221198156682,0.009216589861751168,0.009216589861751168
4.09869384765625,0.35944700460829493,0.3456221198156682,0.013824884792626724,0.013824884792626724
4.099700927734375,0.35944700460829493,0.35023041474654376,0.009216589861751168,0.009216589861751168
4.1186442375183105,0.35944700460829493,0.3548387096774194,0.004608294930875556,0.004608294930875556
4.126997947692871,0.3640552995391705,0.3548387096774194,0.009216589861751112,0.009216589861751112
4.133935928344727,0.3640552995391705,0.35944700460829493,0.004608294930875556,0.004608294930875556
4.138524532318115,0.3686635944700461,0.35944700460829493,0.009216589861751168,0.009216589861751168
4.144911289215088,0.37327188940092165,0.35944700460829493,0.013824884792626724,0.013824884792626724
4.151969909667969,0.37327188940092165,0.3640552995391705,0.009216589861751168,0.009216589861751168
4.15277099609375,0.3778801843317972,0.3640552995391705,0.013824884792626724,0.013824884792626724
4.155054569244385,0.3824884792626728,0.3640552995391705,0.018433179723502335,0.018433179723502335
4.155982494354248,0.3870967741935484,0.3640552995391705,0.02304147465437789,0.02304147465437789
4.1773600578308105,0.391705069124424,0.3640552995391705,0.027649769585253503,0.027649769585253503
4.184662342071533,0.39631336405529954,0.3640552995391705,0.03225806451612906,0.03225806451612906
4.199803829193115,0.39631336405529954,0.3686635944700461,0.027649769585253448,0.027649769585253448
4.201868057250977,0.4009216589861751,0.3686635944700461,0.032258064516129004,0.032258064516129004
4.202953338623047,0.4055299539170507,0.3686635944700461,0.036866359447004615,0.036866359447004615
4.219883918762207,0.4055299539170507,0.37327188940092165,0.03225806451612906,0.03225806451612906
4.232531547546387,0.41013824884792627,0.37327188940092165,0.036866359447004615,0.036866359447004615
4.233409881591797,0.4147465437788018,0.37327188940092165,0.04147465437788017,0.04147465437788017
4.233650207519531,0.4147465437788018,0.3778801843317972,0.036866359447004615,0.036866359447004615
4.244264602661133,0.41935483870967744,0.3778801843317972,0.04147465437788023,0.04147465437788023
4.247745513916016,0.41935483870967744,0.3824884792626728,0.036866359447004615,0.036866359447004615
4.25869083404541,0.41935483870967744,0.3870967741935484,0.03225806451612906,0.03225806451612906
4.264420509338379,0.41935483870967744,0.391705069124424,0.027649769585253448,0.027649769585253448
4.26490592956543,0.41935483870967744,0.39631336405529954,0.02304147465437789,0.02304147465437789
4.266945838928223,0.41935483870967744,0.4009216589861751,0.018433179723502335,0.018433179723502335
4.277224540710449,0.41935483870967744,0.4055299539170507,0.013824884792626724,0.013824884792626724
4.2801361083984375,0.41935483870967744,0.41013824884792627,0.009216589861751168,0.009216589861751168
4.290650844573975,0.41935483870967744,0.4147465437788018,0.004608294930875612,0.004608294930875612
4.298780918121338,0.423963133640553,0.4147465437788018,0.009216589861751168,0.009216589861751168
4.303738594055176,0.42857142857142855,0.4147465437788018,0.013824884792626724,0.013824884792626724
4.312926292419434,0.43317972350230416,0.4147465437788018,0.018433179723502335,0.018433179723502335
4.342312812805176,0.43317972350230416,0.41935483870967744,0.013824884792626724,0.013824884792626724
4.350719928741455,0.4377880184331797,0.41935483870967744,0.01843317972350228,0.01843317972350228
4.353316307067871,0.4377880184331797,0.423963133640553,0.013824884792626724,0.013824884792626724
4.384356498718262,0.4377880184331797,0.42857142857142855,0.009216589861751168,0.009216589861751168
4.395882606506348,0.4377880184331797,0.43317972350230416,0.004608294930875556,0.004608294930875556
4.416118621826172,0.4423963133640553,0.43317972350230416,0.009216589861751168,0.009216589861751168
4.417122840881348,0.4423963133640553,0.4377880184331797,0.004608294930875612,0.004608294930875612
4.424072265625,0.4423963133640553,0.4423963133640553,0.0,0.0
4.442166805267334,0.4470046082949309,0.4423963133640553,0.004608294930875556,0.004608294930875556
4.443120002746582,0.45161290322580644,0.4423963133640553,0.009216589861751112,0.009216589861751112
4.444270133972168,0.45161290322580644,0.4470046082949309,0.004608294930875556,0.004608294930875556
4.457849502563477,0.45161290322580644,0.45161290322580644,0.0,0.0
4.459626197814941,0.45622119815668205,0.45161290322580644,0.004608294930875612,0.004608294930875612
4.4628682136535645,0.45622119815668205,0.45622119815668205,0.0,0.0
4.511720657348633,0.45622119815668205,0.4608294930875576,-0.004608294930875556,0.004608294930875556
4.52508544921875,0.45622119815668205,0.46543778801843316,-0.009216589861751112,0.009216589861751112
4.527286529541016,0.45622119815668205,0.4700460829493088,-0.013824884792626724,0.013824884792626724
4.532310962677002,0.45622119815668205,0.47465437788018433,-0.01843317972350228,0.01843317972350228
4.540800094604492,0.4608294930875576,0.47465437788018433,-0.013824884792626724,0.013824884792626724
4.548966407775879,0.4608294930875576,0.4792626728110599,-0.01843317972350228,0.01843317972350228
4.561245441436768,0.46543778801843316,0.4792626728110599,-0.013824884792626724,0.013824884792626724
4.567295551300049,0.46543778801843316,0.4838709677419355,-0.018433179723502335,0.018433179723502335
4.585392475128174,0.46543778801843316,0.48847926267281105,-0.02304147465437789,0.02304147465437789
4.585614204406738,0.46543778801843316,0.4930875576036866,-0.027649769585253448,0.027649769585253448
4.590579986572266,0.4700460829493088,0.4930875576036866,-0.023041474654377836,0.023041474654377836
4.6146063804626465,0.47465437788018433,0.4930875576036866,-0.01843317972350228,0.01843317972350228
4.614763259887695,0.47465437788018433,0.4976958525345622,-0.02304147465437789,0.02304147465437789
4.618831634521484,0.4792626728110599,0.4976958525345622,-0.018433179723502335,0.018433179723502335
4.644639015197754,0.4792626728110599,0.5023041474654378,-0.023041474654377947,0.023041474654377947
4.6467132568359375,0.4792626728110599,0.5069124423963134,-0.027649769585253503,0.027649769585253503
4.6502556800842285,0.4838709677419355,0.5069124423963134,-0.02304147465437789,0.02304147465437789
4.657064437866211,0.4838709677419355,0.511520737327189,-0.027649769585253448,0.027649769585253448
4.667730331420898,0.4838709677419355,0.5161290322580645,-0.032258064516129004,0.032258064516129004
4.673072814941406,0.4838709677419355,0.5207373271889401,-0.03686635944700456,0.03686635944700456
4.674444198608398,0.4838709677419355,0.5253456221198156,-0.041474654377880116,0.041474654377880116
4.676968574523926,0.48847926267281105,0.5253456221198156,-0.03686635944700456,0.03686635944700456
4.682796001434326,0.4930875576036866,0.5253456221198156,-0.032258064516129004,0.032258064516129004
4.698184013366699,0.4930875576036866,0.5299539170506913,-0.03686635944700467,0.03686635944700467
4.698383331298828,0.4930875576036866,0.5345622119815668,-0.04147465437788023,0.04147465437788023
4.715328693389893,0.4930875576036866,0.5391705069124424,-0.04608294930875578,0.04608294930875578
4.75295877456665,0.4930875576036866,0.543778801843318,-0.05069124423963134,0.05069124423963134
4.753007411956787,0.4976958525345622,0.543778801843318,-0.04608294930875573,0.04608294930875573
4.774096965789795,0.5023041474654378,0.543778801843318,-0.041474654377880116,0.041474654377880116
4.794110298156738,0.5069124423963134,0.543778801843318,-0.03686635944700456,0.03686635944700456
4.802746295928955,0.5069124423963134,0.5483870967741935,-0.041474654377880116,0.041474654377880116
4.815066814422607,0.511520737327189,0.5483870967741935,-0.03686635944700456,0.03686635944700456
4.846954345703125,0.511520737327189,0.5529953917050692,-0.04147465437788023,0.04147465437788023
4.859846591949463,0.5161290322580645,0.5529953917050692,-0.03686635944700467,0.03686635944700467
4.872082233428955,0.5161290322580645,0.5576036866359447,-0.04147465437788023,0.04147465437788023
4.886024475097656,0.5161290322580645,0.5622119815668203,-0.04608294930875578,0.04608294930875578
4.8920817375183105,0.5207373271889401,0.5622119815668203,-0.04147465437788023,0.04147465437788023
4.894867897033691,0.5207373271889401,0.5668202764976958,-0.04608294930875578,0.04608294930875578
4.906520843505859,0.5207373271889401,0.5714285714285714,-0.05069124423963134,0.05069124423963134
4.946868419647217,0.5253456221198156,0.5714285714285714,-0.04608294930875578,0.04608294930875578
4.958761215209961,0.5299539170506913,0.5714285714285714,-0.041474654377880116,0.041474654377880116
4.962669372558594,0.5299539170506913,0.576036866359447,-0.04608294930875567,0.04608294930875567
4.966392993927002,0.5345622119815668,0.576036866359447,-0.041474654377880116,0.041474654377880116
4.98837947845459,0.5391705069124424,0.576036866359447,-0.03686635944700456,0.03686635944700456
4.990699768066406,0.5391705069124424,0.5806451612903226,-0.04147465437788023,0.04147465437788023
4.996736526489258,0.5391705069124424,0.5852534562211982,-0.04608294930875578,0.04608294930875578
5.00170373916626,0.543778801843318,0.5852534562211982,-0.04147465437788023,0.04147465437788023
5.002366065979004,0.5483870967741935,0.5852534562211982,-0.03686635944700467,0.03686635944700467
5.0547919273376465,0.5529953917050692,0.5852534562211982,-0.032258064516129004,0.032258064516129004
5.056849956512451,0.5576036866359447,0.5852534562211982,-0.027649769585253448,0.027649769585253448
5.062517166137695,0.5622119815668203,0.5852534562211982,-0.02304147465437789,0.02304147465437789
5.063145160675049,0.5622119815668203,0.5898617511520737,-0.027649769585253448,0.027649769585253448
5.0665998458862305,0.5668202764976958,0.5898617511520737,-0.02304147465437789,0.02304147465437789
5.069223403930664,0.5668202764976958,0.5944700460829493,-0.027649769585253448,0.027649769585253448
5.084020614624023,0.5668202764976958,0.5990783410138248,-0.032258064516129004,0.032258064516129004
5.092912197113037,0.5668202764976958,0.6036866359447005,-0.03686635944700467,0.03686635944700467
5.135558605194092,0.5714285714285714,0.6036866359447005,-0.032258064516129115,0.032258064516129115
5.180581569671631,0.5714285714285714,0.6082949308755761,-0.03686635944700467,0.03686635944700467
5.18302059173584,0.576036866359447,0.6082949308755761,-0.032258064516129115,0.032258064516129115
5.18765926361084,0.5806451612903226,0.6082949308755761,-0.027649769585253448,0.027649769585253448
5.200503349304199,0.5852534562211982,0.6082949308755761,-0.02304147465437789,0.02304147465437789
5.201825141906738,0.5898617511520737,0.6082949308755761,-0.018433179723502335,0.018433179723502335
5.211871147155762,0.5944700460829493,0.6082949308755761,-0.01382488479262678,0.01382488479262678
5.213560104370117,0.5944700460829493,0.6129032258064516,-0.018433179723502335,0.018433179723502335
5.218088626861572,0.5990783410138248,0.6129032258064516,-0.01382488479262678,0.01382488479262678
5.222181797027588,0.6036866359447005,0.6129032258064516,-0.009216589861751112,0.009216589861751112
5.228307723999023,0.6082949308755761,0.6129032258064516,-0.004608294930875556,0.004608294930875556
5.233393669128418,0.6082949308755761,0.6175115207373272,-0.009216589861751112,0.009216589861751112
5.23515510559082,0.6082949308755761,0.6221198156682027,-0.013824884792626668,0.013824884792626668
5.244301795959473,0.6082949308755761,0.6267281105990783,-0.018433179723502224,0.018433179723502224
5.254351615905762,0.6129032258064516,0.6267281105990783,-0.013824884792626668,0.013824884792626668
5.276110649108887,0.6175115207373272,0.6267281105990783,-0.009216589861751112,0.009216589861751112
5.299386501312256,0.6221198156682027,0.6267281105990783,-0.004608294930875556,0.004608294930875556
5.299647808074951,0.6221198156682027,0.631336405529954,-0.009216589861751223,0.009216589861751223
5.306129455566406,0.6267281105990783,0.631336405529954,-0.004608294930875667,0.004608294930875667
5.310928821563721,0.631336405529954,0.631336405529954,0.0,0.0
5.31333589553833,0.6359447004608295,0.631336405529954,0.004608294930875556,0.004608294930875556
5.317719459533691,0.6359447004608295,0.6359447004608295,0.0,0.0
5.318578243255615,0.6359447004608295,0.6405529953917051,-0.004608294930875556,0.004608294930875556
5.318871021270752,0.6405529953917051,0.6405529953917051,0.0,0.0
5.3227338790893555,0.6451612903225806,0.6405529953917051,0.004608294930875556,0.004608294930875556
5.349067211151123,0.6497695852534562,0.6405529953917051,0.009216589861751112,0.009216589861751112
5.350104331970215,0.6543778801843319,0.6405529953917051,0.01382488479262678,0.01382488479262678
5.361660003662109,0.6543778801843319,0.6451612903225806,0.009216589861751223,0.009216589861751223
5.362578392028809,0.6589861751152074,0.6451612903225806,0.01382488479262678,0.01382488479262678
5.405508041381836,0.663594470046083,0.6451612903225806,0.018433179723502335,0.018433179723502335
5.430809020996094,0.663594470046083,0.6497695852534562,0.01382488479262678,0.01382488479262678
5.431634902954102,0.663594470046083,0.6543778801843319,0.009216589861751112,0.009216589861751112
5.439451217651367,0.663594470046083,0.6589861751152074,0.004608294930875556,0.004608294930875556
5.448470115661621,0.663594470046083,0.663594470046083,0.0,0.0
5.472341537475586,0.663594470046083,0.6682027649769585,-0.004608294930875556,0.004608294930875556
5.472531318664551,0.663594470046083,0.6728110599078341,-0.009216589861751112,0.009216589861751112
5.479082107543945,0.6682027649769585,0.6728110599078341,-0.004608294930875556,0.004608294930875556
5.494229316711426,0.6728110599078341,0.6728110599078341,0.0,0.0
5.516395568847656,0.6728110599078341,0.6774193548387096,-0.004608294930875556,0.004608294930875556
5.529743194580078,0.6774193548387096,0.6774193548387096,0.0,0.0
5.541106700897217,0.6774193548387096,0.6820276497695853,-0.004608294930875667,0.004608294930875667
5.54763650894165,0.6820276497695853,0.6820276497695853,0.0,0.0
5.56364631652832,0.6866359447004609,0.6820276497695853,0.004608294930875556,0.004608294930875556
5.595096588134766,0.6912442396313364,0.6820276497695853,0.009216589861751112,0.009216589861751112
5.605875015258789,0.695852534562212,0.6820276497695853,0.013824884792626668,0.013824884792626668
5.650740623474121,0.695852534562212,0.6866359447004609,0.009216589861751112,0.009216589861751112
5.677402973175049,0.695852534562212,0.6912442396313364,0.004608294930875556,0.004608294930875556
5.677978515625,0.7004608294930875,0.6912442396313364,0.009216589861751112,0.009216589861751112
5.68492317199707,0.7050691244239631,0.6912442396313364,0.013824884792626668,0.013824884792626668
5.708645343780518,0.7096774193548387,0.6912442396313364,0.018433179723502335,0.018433179723502335
5.71754264831543,0.7096774193548387,0.695852534562212,0.01382488479262678,0.01382488479262678
5.718794345855713,0.7142857142857143,0.695852534562212,0.018433179723502335,0.018433179723502335
5.775883197784424,0.7188940092165899,0.695852534562212,0.02304147465437789,0.02304147465437789
5.787717819213867,0.7188940092165899,0.7004608294930875,0.018433179723502335,0.018433179723502335
5.788729190826416,0.7188940092165899,0.7050691244239631,0.01382488479262678,0.01382488479262678
5.795772552490234,0.7188940092165899,0.7096774193548387,0.009216589861751112,0.009216589861751112
5.796878337860107,0.7188940092165899,0.7142857142857143,0.004608294930875556,0.004608294930875556
5.821650981903076,0.7188940092165899,0.7188940092165899,0.0,0.0
5.838199615478516,0.7188940092165899,0.7235023041474654,-0.004608294930875556,0.004608294930875556
5.839111328125,0.7235023041474654,0.7235023041474654,0.0,0.0
5.84847354888916,0.7235023041474654,0.728110599078341,-0.004608294930875556,0.004608294930875556
5.878495216369629,0.7235023041474654,0.7327188940092166,-0.009216589861751223,0.009216589861751223
5.91602897644043,0.7235023041474654,0.7373271889400922,-0.01382488479262678,0.01382488479262678
5.9310503005981445,0.7235023041474654,0.7419354838709677,-0.018433179723502335,0.018433179723502335
5.950933456420898,0.728110599078341,0.7419354838709677,-0.01382488479262678,0.01382488479262678
5.956545829772949,0.7327188940092166,0.7419354838709677,-0.009216589861751112,0.009216589861751112
5.973870277404785,0.7373271889400922,0.7419354838709677,-0.004608294930875556,0.004608294930875556
5.991121292114258,0.7419354838709677,0.7419354838709677,0.0,0.0
5.99249792098999,0.7419354838709677,0.7465437788018433,-0.004608294930875556,0.004608294930875556
6.021057605743408,0.7419354838709677,0.7511520737327189,-0.009216589861751112,0.009216589861751112
6.055304527282715,0.7465437788018433,0.7511520737327189,-0.004608294930875556,0.004608294930875556
6.058382034301758,0.7465437788018433,0.7557603686635944,-0.009216589861751112,0.009216589861751112
6.088348388671875,0.7465437788018433,0.7603686635944701,-0.01382488479262678,0.01382488479262678
6.105228424072266,0.7465437788018433,0.7649769585253456,-0.018433179723502335,0.018433179723502335
6.1082353591918945,0.7465437788018433,0.7695852534562212,-0.02304147465437789,0.02304147465437789
6.1508965492248535,0.7511520737327189,0.7695852534562212,-0.018433179723502335,0.018433179723502335
6.161089897155762,0.7557603686635944,0.7695852534562212,-0.01382488479262678,0.01382488479262678
6.165500640869141,0.7557603686635944,0.7741935483870968,-0.018433179723502335,0.018433179723502335
6.179327011108398,0.7603686635944701,0.7741935483870968,-0.013824884792626668,0.013824884792626668
6.192963123321533,0.7649769585253456,0.7741935483870968,-0.009216589861751112,0.009216589861751112
6.2050395011901855,0.7695852534562212,0.7741935483870968,-0.004608294930875556,0.004608294930875556
6.258821487426758,0.7741935483870968,0.7741935483870968,0.0,0.0
6.2779741287231445,0.7741935483870968,0.7788018433179723,-0.004608294930875556,0.004608294930875556
6.2787861824035645,0.7788018433179723,0.7788018433179723,0.0,0.0
6.279709815979004,0.783410138248848,0.7788018433179723,0.004608294930875667,0.004608294930875667
6.298285484313965,0.7880184331797235,0.7788018433179723,0.009216589861751223,0.009216589861751223
6.315927505493164,0.7926267281105991,0.7788018433179723,0.01382488479262678,0.01382488479262678
6.352114200592041,0.7926267281105991,0.783410138248848,0.009216589861751112,0.009216589861751112
6.358542442321777,0.7926267281105991,0.7880184331797235,0.004608294930875556,0.004608294930875556
6.432186126708984,0.7972350230414746,0.7880184331797235,0.009216589861751112,0.009216589861751112
6.465353965759277,0.8018433179723502,0.7880184331797235,0.013824884792626668,0.013824884792626668
6.484478950500488,0.8018433179723502,0.7926267281105991,0.009216589861751112,0.009216589861751112
6.493973255157471,0.8064516129032258,0.7926267281105991,0.013824884792626668,0.013824884792626668
6.512694358825684,0.8064516129032258,0.7972350230414746,0.009216589861751112,0.009216589861751112
6.556363582611084,0.8110599078341014,0.7972350230414746,0.01382488479262678,0.01382488479262678
6.670965194702148,0.8110599078341014,0.8018433179723502,0.009216589861751223,0.009216589861751223
6.67302131652832,0.815668202764977,0.8018433179723502,0.01382488479262678,0.01382488479262678
6.686779975891113,0.815668202764977,0.8064516129032258,0.009216589861751223,0.009216589861751223
6.738430023193359,0.8202764976958525,0.8064516129032258,0.01382488479262678,0.01382488479262678
6.757767677307129,0.8202764976958525,0.8110599078341014,0.009216589861751112,0.009216589861751112
6.782595157623291,0.8248847926267281,0.8110599078341014,0.013824884792626668,0.013824884792626668
6.832329273223877,0.8248847926267281,0.815668202764977,0.009216589861751112,0.009216589861751112
6.835277557373047,0.8248847926267281,0.8202764976958525,0.004608294930875556,0.004608294930875556
6.842811107635498,0.8248847926267281,0.8248847926267281,0.0,0.0
6.851791858673096,0.8294930875576036,0.8248847926267281,0.004608294930875556,0.004608294930875556
6.855072498321533,0.8341013824884793,0.8248847926267281,0.009216589861751223,0.009216589861751223
6.900217056274414,0.8341013824884793,0.8294930875576036,0.004608294930875667,0.004608294930875667
6.913393020629883,0.8341013824884793,0.8341013824884793,0.0,0.0
6.938385486602783,0.8341013824884793,0.8387096774193549,-0.004608294930875556,0.004608294930875556
6.942707061767578,0.8341013824884793,0.8433179723502304,-0.009216589861751112,0.009216589861751112
6.95442533493042,0.8387096774193549,0.8433179723502304,-0.004608294930875556,0.004608294930875556
6.976957321166992,0.8387096774193549,0.847926267281106,-0.009216589861751112,0.009216589861751112
7.003883361816406,0.8387096774193549,0.8525345622119815,-0.013824884792626668,0.013824884792626668
7.040184020996094,0.8387096774193549,0.8571428571428571,-0.018433179723502224,0.018433179723502224
7.076974868774414,0.8433179723502304,0.8571428571428571,-0.013824884792626668,0.013824884792626668
7.094799041748047,0.8433179723502304,0.8617511520737328,-0.018433179723502335,0.018433179723502335
7.100345611572266,0.8433179723502304,0.8663594470046083,-0.02304147465437789,0.02304147465437789
7.13531494140625,0.847926267281106,0.8663594470046083,-0.018433179723502335,0.018433179723502335
7.139040946960449,0.847926267281106,0.8709677419354839,-0.02304147465437789,0.02304147465437789
7.165714263916016,0.8525345622119815,0.8709677419354839,-0.018433179723502335,0.018433179723502335
7.189410209655762,0.8571428571428571,0.8709677419354839,-0.01382488479262678,0.01382488479262678
7.204380512237549,0.8617511520737328,0.8709677419354839,-0.009216589861751112,0.009216589861751112
7.229036808013916,0.8663594470046083,0.8709677419354839,-0.004608294930875556,0.004608294930875556
7.243657112121582,0.8709677419354839,0.8709677419354839,0.0,0.0
7.303818702697754,0.8755760368663594,0.8709677419354839,0.004608294930875556,0.004608294930875556
7.313223838806152,0.8755760368663594,0.8755760368663594,0.0,0.0
7.335499286651611,0.8755760368663594,0.880184331797235,-0.004608294930875556,0.004608294930875556
7.338891983032227,0.8755760368663594,0.8847926267281107,-0.009216589861751223,0.009216589861751223
7.362517833709717,0.880184331797235,0.8847926267281107,-0.004608294930875667,0.004608294930875667
7.404247283935547,0.8847926267281107,0.8847926267281107,0.0,0.0
7.484653949737549,0.8847926267281107,0.8894009216589862,-0.004608294930875556,0.004608294930875556
7.55803918838501,0.8847926267281107,0.8940092165898618,-0.009216589861751112,0.009216589861751112
7.626527309417725,0.8894009216589862,0.8940092165898618,-0.004608294930875556,0.004608294930875556
7.642434120178223,0.8894009216589862,0.8986175115207373,-0.009216589861751112,0.009216589861751112
7.659874439239502,0.8940092165898618,0.8986175115207373,-0.004608294930875556,0.004608294930875556
7.735554695129395,0.8940092165898618,0.9032258064516129,-0.009216589861751112,0.009216589861751112
7.766532897949219,0.8986175115207373,0.9032258064516129,-0.004608294930875556,0.004608294930875556
7.864766597747803,0.8986175115207373,0.9078341013824884,-0.009216589861751112,0.009216589861751112
7.962855339050293,0.8986175115207373,0.9124423963133641,-0.01382488479262678,0.01382488479262678
8.201292991638184,0.9032258064516129,0.9124423963133641,-0.009216589861751223,0.009216589861751223
8.214360237121582,0.9078341013824884,0.9124423963133641,-0.004608294930875667,0.004608294930875667
8.249105453491211,0.9124423963133641,0.9124423963133641,0.0,0.0
8.304500579833984,0.9124423963133641,0.9170506912442397,-0.004608294930875556,0.004608294930875556
8.39045238494873,0.9170506912442397,0.9170506912442397,0.0,0.0
8.39057445526123,0.9216589861751152,0.9170506912442397,0.004608294930875556,0.004608294930875556
8.416379928588867,0.9216589861751152,0.9216589861751152,0.0,0.0
8.509875297546387,0.9216589861751152,0.9262672811059908,-0.004608294930875556,0.004608294930875556
8.600852966308594,0.9216589861751152,0.9308755760368663,-0.009216589861751112,0.009216589861751112
8.656041145324707,0.9216589861751152,0.9354838709677419,-0.013824884792626668,0.013824884792626668
8.675929069519043,0.9262672811059908,0.9354838709677419,-0.009216589861751112,0.009216589861751112
8.732519149780273,0.9262672811059908,0.9400921658986175,-0.01382488479262678,0.01382488479262678
8.915581703186035,0.9308755760368663,0.9400921658986175,-0.009216589861751223,0.009216589861751223
9.090917587280272,0.9354838709677419,0.9400921658986175,-0.004608294930875667,0.004608294930875667
9.233473777770996,0.9354838709677419,0.9447004608294931,-0.009216589861751223,0.009216589861751223
9.301249504089355,0.9354838709677419,0.9493087557603687,-0.01382488479262678,0.01382488479262678
9.303125381469728,0.9354838709677419,0.9539170506912442,-0.018433179723502335,0.018433179723502335
9.688261032104492,0.9354838709677419,0.9585253456221198,-0.02304147465437789,0.02304147465437789
10.099898338317873,0.9400921658986175,0.9585253456221198,-0.018433179723502224,0.018433179723502224
10.219409942626951,0.9447004608294931,0.9585253456221198,-0.013824884792626668,0.013824884792626668
10.277670860290527,0.9447004608294931,0.9631336405529954,-0.018433179723502335,0.018433179723502335
10.278122901916504,0.9493087557603687,0.9631336405529954,-0.01382488479262678,0.01382488479262678
10.69299602508545,0.9493087557603687,0.967741935483871,-0.018433179723502335,0.018433179723502335
10.985241889953612,0.9539170506912442,0.967741935483871,-0.01382488479262678,0.01382488479262678
11.039402961730955,0.9585253456221198,0.967741935483871,-0.009216589861751223,0.009216589861751223
11.091922760009766,0.9585253456221198,0.9723502304147466,-0.01382488479262678,0.01382488479262678
11.228487968444824,0.9585253456221198,0.9769585253456221,-0.018433179723502335,0.018433179723502335
11.533587455749512,0.9631336405529954,0.9769585253456221,-0.013824884792626668,0.013824884792626668
11.693853378295898,0.9631336405529954,0.9815668202764977,-0.018433179723502224,0.018433179723502224
12.382452011108398,0.967741935483871,0.9815668202764977,-0.013824884792626668,0.013824884792626668
13.310199737548828,0.9723502304147466,0.9815668202764977,-0.009216589861751112,0.009216589861751112
13.32960033416748,0.9769585253456221,0.9815668202764977,-0.004608294930875556,0.004608294930875556
13.357439994812012,0.9815668202764977,0.9815668202764977,0.0,0.0
13.85086154937744,0.9861751152073732,0.9815668202764977,0.004608294930875556,0.004608294930875556
14.374823570251465,0.9907834101382489,0.9815668202764977,0.009216589861751223,0.009216589861751223
14.521471977233888,0.9907834101382489,0.9861751152073732,0.004608294930875667,0.004608294930875667
14.666571617126465,0.9907834101382489,0.9907834101382489,0.0,0.0
14.728548049926758,0.9907834101382489,0.9953917050691244,-0.004608294930875556,0.004608294930875556
14.94431209564209,0.9953917050691244,0.9953917050691244,0.0,0.0
15.780783653259276,0.9953917050691244,1.0,-0.004608294930875556,0.004608294930875556
16.089902877807617,1.0,1.0,0.0,0.0
