session_id,round_id,start_time,end_time,trial_elapsed_seconds
84a32360-b241-415e-9626-55dddd442162,1,2025-03-30 17:01:40.237,2025-03-30 17:01:51.858,11.621
84a32360-b241-415e-9626-55dddd442162,2,2025-03-30 17:01:51.957,2025-03-30 17:01:54.736,2.779
84a32360-b241-415e-9626-55dddd442162,3,2025-03-30 17:01:54.737,2025-03-30 17:02:06.279,11.542
84a32360-b241-415e-9626-55dddd442162,4,2025-03-30 17:02:06.284,2025-03-30 17:02:11.581,5.297
84a32360-b241-415e-9626-55dddd442162,5,2025-03-30 17:02:11.584,2025-03-30 17:02:17.232,5.648
84a32360-b241-415e-9626-55dddd442162,6,2025-03-30 17:02:17.234,2025-03-30 17:02:20.823,3.589
84a32360-b241-415e-9626-55dddd442162,7,2025-03-30 17:02:20.825,2025-03-30 17:02:25.738,4.913
84a32360-b241-415e-9626-55dddd442162,8,2025-03-30 17:02:25.741,2025-03-30 17:02:30.303,4.562
84a32360-b241-415e-9626-55dddd442162,9,2025-03-30 17:02:30.305,2025-03-30 17:02:34.201,3.896
84a32360-b241-415e-9626-55dddd442162,10,2025-03-30 17:02:34.205,2025-03-30 17:02:39.351,5.146
84a32360-b241-415e-9626-55dddd442162,11,2025-03-30 17:02:39.354,2025-03-30 17:02:42.818,3.464
84a32360-b241-415e-9626-55dddd442162,12,2025-03-30 17:02:42.819,2025-03-30 17:02:47.133,4.314
84a32360-b241-415e-9626-55dddd442162,13,2025-03-30 17:02:47.135,2025-03-30 17:02:53.078,5.943
84a32360-b241-415e-9626-55dddd442162,15,2025-03-30 17:03:06.765,2025-03-30 17:03:10.714,3.949
84a32360-b241-415e-9626-55dddd442162,16,2025-03-30 17:03:10.716,2025-03-30 17:03:14.335,3.619
84a32360-b241-415e-9626-55dddd442162,17,2025-03-30 17:03:14.336,2025-03-30 17:03:24.682,10.346
84a32360-b241-415e-9626-55dddd442162,18,2025-03-30 17:03:24.687,2025-03-30 17:03:28.005,3.318
84a32360-b241-415e-9626-55dddd442162,19,2025-03-30 17:03:28.007,2025-03-30 17:03:31.681,3.674
84a32360-b241-415e-9626-55dddd442162,20,2025-03-30 17:03:31.683,2025-03-30 17:03:33.766,2.083
84a32360-b241-415e-9626-55dddd442162,21,2025-03-30 17:03:33.768,2025-03-30 17:03:37.332,3.564
84a32360-b241-415e-9626-55dddd442162,22,2025-03-30 17:03:37.334,2025-03-30 17:03:42.220,4.886
84a32360-b241-415e-9626-55dddd442162,23,2025-03-30 17:03:42.223,2025-03-30 17:03:51.993,9.77
84a32360-b241-415e-9626-55dddd442162,24,2025-03-30 17:03:51.997,2025-03-30 17:03:57.406,5.409
84a32360-b241-415e-9626-55dddd442162,25,2025-03-30 17:03:57.408,2025-03-30 17:03:59.980,2.572
84a32360-b241-415e-9626-55dddd442162,26,2025-03-30 17:03:59.982,2025-03-30 17:04:05.536,5.554
84a32360-b241-415e-9626-55dddd442162,27,2025-03-30 17:04:05.539,2025-03-30 17:04:11.077,5.538
84a32360-b241-415e-9626-55dddd442162,28,2025-03-30 17:04:11.081,2025-03-30 17:04:13.888,2.807
84a32360-b241-415e-9626-55dddd442162,29,2025-03-30 17:04:13.889,2025-03-30 17:04:18.315,4.426
84a32360-b241-415e-9626-55dddd442162,30,2025-03-30 17:04:18.318,2025-03-30 17:04:21.320,3.002
2a298ece-1693-424d-9d70-7988e3c23aa6,35,2025-03-30 17:14:15.120,2025-03-30 17:14:20.210,5.09
2a298ece-1693-424d-9d70-7988e3c23aa6,36,2025-03-30 17:14:20.213,2025-03-30 17:14:27.756,7.543
2a298ece-1693-424d-9d70-7988e3c23aa6,37,2025-03-30 17:14:27.760,2025-03-30 17:14:33.172,5.412
2a298ece-1693-424d-9d70-7988e3c23aa6,38,2025-03-30 17:14:33.174,2025-03-30 17:14:36.024,2.85
2a298ece-1693-424d-9d70-7988e3c23aa6,39,2025-03-30 17:14:36.026,2025-03-30 17:14:41.316,5.29
2a298ece-1693-424d-9d70-7988e3c23aa6,40,2025-03-30 17:14:41.319,2025-03-30 17:14:53.441,12.122
2a298ece-1693-424d-9d70-7988e3c23aa6,41,2025-03-30 17:14:53.451,2025-03-30 17:14:59.178,5.727
2a298ece-1693-424d-9d70-7988e3c23aa6,42,2025-03-30 17:14:59.181,2025-03-30 17:15:02.072,2.891
2a298ece-1693-424d-9d70-7988e3c23aa6,43,2025-03-30 17:15:02.074,2025-03-30 17:15:06.682,4.608
2a298ece-1693-424d-9d70-7988e3c23aa6,44,2025-03-30 17:15:06.684,2025-03-30 17:15:16.456,9.772
2a298ece-1693-424d-9d70-7988e3c23aa6,45,2025-03-30 17:15:16.461,2025-03-30 17:15:20.423,3.962
2a298ece-1693-424d-9d70-7988e3c23aa6,46,2025-03-30 17:15:20.425,2025-03-30 17:15:25.769,5.344
2a298ece-1693-424d-9d70-7988e3c23aa6,47,2025-03-30 17:15:25.772,2025-03-30 17:15:30.350,4.578
2a298ece-1693-424d-9d70-7988e3c23aa6,48,2025-03-30 17:15:30.353,2025-03-30 17:15:34.708,4.355
2a298ece-1693-424d-9d70-7988e3c23aa6,49,2025-03-30 17:15:34.711,2025-03-30 17:15:42.380,7.669
2a298ece-1693-424d-9d70-7988e3c23aa6,50,2025-03-30 17:15:42.384,2025-03-30 17:15:57.389,15.005
52c3627d-635c-44b0-8eca-f1a6c372019d,51,2025-03-30 17:23:36.013,2025-03-30 17:24:00.482,24.469
52c3627d-635c-44b0-8eca-f1a6c372019d,52,2025-03-30 17:24:00.564,2025-03-30 17:24:04.489,3.925
52c3627d-635c-44b0-8eca-f1a6c372019d,53,2025-03-30 17:24:04.491,2025-03-30 17:24:16.978,12.487
52c3627d-635c-44b0-8eca-f1a6c372019d,54,2025-03-30 17:24:16.983,2025-03-30 17:24:20.302,3.319
52c3627d-635c-44b0-8eca-f1a6c372019d,55,2025-03-30 17:24:20.305,2025-03-30 17:24:24.339,4.034
52c3627d-635c-44b0-8eca-f1a6c372019d,56,2025-03-30 17:24:24.341,2025-03-30 17:24:28.001,3.66
52c3627d-635c-44b0-8eca-f1a6c372019d,57,2025-03-30 17:24:28.002,2025-03-30 17:24:33.819,5.817
52c3627d-635c-44b0-8eca-f1a6c372019d,58,2025-03-30 17:24:33.821,2025-03-30 17:24:45.764,11.943
52c3627d-635c-44b0-8eca-f1a6c372019d,59,2025-03-30 17:24:45.770,2025-03-30 17:24:59.699,13.929
52c3627d-635c-44b0-8eca-f1a6c372019d,60,2025-03-30 17:24:59.706,2025-03-30 17:25:14.497,14.791
52c3627d-635c-44b0-8eca-f1a6c372019d,61,2025-03-30 17:25:14.503,2025-03-30 17:25:27.108,12.605
52c3627d-635c-44b0-8eca-f1a6c372019d,62,2025-03-30 17:25:27.114,2025-03-30 17:25:33.761,6.647
52c3627d-635c-44b0-8eca-f1a6c372019d,63,2025-03-30 17:25:38.885,2025-03-30 17:25:48.449,9.564
52c3627d-635c-44b0-8eca-f1a6c372019d,64,2025-03-30 17:25:48.453,2025-03-30 17:26:48.249,59.796
52c3627d-635c-44b0-8eca-f1a6c372019d,65,2025-03-30 17:26:48.251,2025-03-30 17:26:54.138,5.887
52c3627d-635c-44b0-8eca-f1a6c372019d,66,2025-03-30 17:26:54.140,2025-03-30 17:26:57.576,3.436
52c3627d-635c-44b0-8eca-f1a6c372019d,67,2025-03-30 17:26:57.577,2025-03-30 17:27:02.549,4.972
52c3627d-635c-44b0-8eca-f1a6c372019d,68,2025-03-30 17:27:02.553,2025-03-30 17:27:05.250,2.697
52c3627d-635c-44b0-8eca-f1a6c372019d,69,2025-03-30 17:27:05.252,2025-03-30 17:27:12.155,6.903
52c3627d-635c-44b0-8eca-f1a6c372019d,70,2025-03-30 17:27:12.158,2025-03-30 17:27:18.683,6.525
52c3627d-635c-44b0-8eca-f1a6c372019d,71,2025-03-30 17:27:18.687,2025-03-30 17:27:31.937,13.25
52c3627d-635c-44b0-8eca-f1a6c372019d,72,2025-03-30 17:27:31.942,2025-03-30 17:27:34.618,2.676
52c3627d-635c-44b0-8eca-f1a6c372019d,73,2025-03-30 17:27:34.620,2025-03-30 17:27:40.871,6.251
52c3627d-635c-44b0-8eca-f1a6c372019d,74,2025-03-30 17:27:40.874,2025-03-30 17:27:47.967,7.093
52c3627d-635c-44b0-8eca-f1a6c372019d,75,2025-03-30 17:27:47.970,2025-03-30 17:27:59.471,11.501
52c3627d-635c-44b0-8eca-f1a6c372019d,76,2025-03-30 17:27:59.476,2025-03-30 17:28:05.623,6.147
52c3627d-635c-44b0-8eca-f1a6c372019d,77,2025-03-30 17:28:05.626,2025-03-30 17:28:11.747,6.121
52c3627d-635c-44b0-8eca-f1a6c372019d,78,2025-03-30 17:28:11.749,2025-03-30 17:28:17.636,5.887
52c3627d-635c-44b0-8eca-f1a6c372019d,79,2025-03-30 17:28:17.638,2025-03-30 17:28:20.891,3.253
52c3627d-635c-44b0-8eca-f1a6c372019d,80,2025-03-30 17:28:20.893,2025-03-30 17:28:30.454,9.561
52c3627d-635c-44b0-8eca-f1a6c372019d,81,2025-03-30 17:28:30.459,2025-03-30 17:28:34.033,3.574
52c3627d-635c-44b0-8eca-f1a6c372019d,82,2025-03-30 17:28:34.035,2025-03-30 17:28:38.278,4.243
52c3627d-635c-44b0-8eca-f1a6c372019d,83,2025-03-30 17:28:38.280,2025-03-30 17:28:43.454,5.174
52c3627d-635c-44b0-8eca-f1a6c372019d,84,2025-03-30 17:28:43.456,2025-03-30 17:28:46.488,3.032
52c3627d-635c-44b0-8eca-f1a6c372019d,85,2025-03-30 17:28:46.489,2025-03-30 17:28:49.204,2.715
52c3627d-635c-44b0-8eca-f1a6c372019d,86,2025-03-30 17:28:49.207,2025-03-30 17:28:57.253,8.046
52c3627d-635c-44b0-8eca-f1a6c372019d,87,2025-03-30 17:28:57.257,2025-03-30 17:29:03.197,5.94
52c3627d-635c-44b0-8eca-f1a6c372019d,88,2025-03-30 17:29:03.200,2025-03-30 17:29:06.732,3.532
52c3627d-635c-44b0-8eca-f1a6c372019d,89,2025-03-30 17:29:06.733,2025-03-30 17:29:12.497,5.764
52c3627d-635c-44b0-8eca-f1a6c372019d,90,2025-03-30 17:29:12.499,2025-03-30 17:29:15.640,3.141
52c3627d-635c-44b0-8eca-f1a6c372019d,91,2025-03-30 17:29:15.642,2025-03-30 17:29:19.621,3.979
52c3627d-635c-44b0-8eca-f1a6c372019d,92,2025-03-30 17:29:19.623,2025-03-30 17:29:24.967,5.344
52c3627d-635c-44b0-8eca-f1a6c372019d,93,2025-03-30 17:29:24.969,2025-03-30 17:29:37.344,12.375
52c3627d-635c-44b0-8eca-f1a6c372019d,94,2025-03-30 17:29:37.349,2025-03-30 17:29:51.473,14.124
99ea5a4e-5011-47ee-823c-56fdacec63f5,95,2025-03-30 21:52:05.376,2025-03-30 21:52:09.424,4.048
99ea5a4e-5011-47ee-823c-56fdacec63f5,96,2025-03-30 21:52:09.501,2025-03-30 21:52:12.803,3.302
99ea5a4e-5011-47ee-823c-56fdacec63f5,97,2025-03-30 21:52:12.805,2025-03-30 21:52:16.548,3.743
99ea5a4e-5011-47ee-823c-56fdacec63f5,98,2025-03-30 21:52:16.550,2025-03-30 21:52:20.503,3.953
99ea5a4e-5011-47ee-823c-56fdacec63f5,99,2025-03-30 21:52:20.505,2025-03-30 21:52:24.874,4.369
99ea5a4e-5011-47ee-823c-56fdacec63f5,100,2025-03-30 21:52:24.876,2025-03-30 21:52:29.873,4.997
99ea5a4e-5011-47ee-823c-56fdacec63f5,101,2025-03-30 21:52:29.881,2025-03-30 21:52:33.100,3.219
99ea5a4e-5011-47ee-823c-56fdacec63f5,102,2025-03-30 21:52:33.101,2025-03-30 21:52:36.748,3.647
99ea5a4e-5011-47ee-823c-56fdacec63f5,103,2025-03-30 21:52:36.749,2025-03-30 21:52:40.395,3.646
99ea5a4e-5011-47ee-823c-56fdacec63f5,104,2025-03-30 21:52:40.396,2025-03-30 21:52:44.375,3.979
99ea5a4e-5011-47ee-823c-56fdacec63f5,105,2025-03-30 21:52:44.377,2025-03-30 21:52:49.610,5.233
99ea5a4e-5011-47ee-823c-56fdacec63f5,106,2025-03-30 21:52:49.613,2025-03-30 21:52:59.370,9.757
99ea5a4e-5011-47ee-823c-56fdacec63f5,107,2025-03-30 21:52:59.374,2025-03-30 21:53:10.452,11.078
99ea5a4e-5011-47ee-823c-56fdacec63f5,108,2025-03-30 21:53:10.456,2025-03-30 21:53:14.345,3.889
99ea5a4e-5011-47ee-823c-56fdacec63f5,109,2025-03-30 21:53:14.347,2025-03-30 21:53:17.102,2.755
99ea5a4e-5011-47ee-823c-56fdacec63f5,110,2025-03-30 21:53:17.103,2025-03-30 21:53:24.175,7.072
99ea5a4e-5011-47ee-823c-56fdacec63f5,111,2025-03-30 21:53:24.178,2025-03-30 21:53:30.175,5.997
99ea5a4e-5011-47ee-823c-56fdacec63f5,112,2025-03-30 21:53:30.178,2025-03-30 21:53:35.659,5.481
99ea5a4e-5011-47ee-823c-56fdacec63f5,113,2025-03-30 21:53:35.661,2025-03-30 21:53:42.006,6.345
74500da8-b16d-48c9-a573-2b507d395bbb,117,2025-03-30 21:54:06.721,2025-03-30 21:54:11.211,4.49
74500da8-b16d-48c9-a573-2b507d395bbb,118,2025-03-30 21:54:11.213,2025-03-30 21:54:17.904,6.691
74500da8-b16d-48c9-a573-2b507d395bbb,119,2025-03-30 21:54:17.908,2025-03-30 21:54:23.740,5.832
74500da8-b16d-48c9-a573-2b507d395bbb,120,2025-03-30 21:54:23.743,2025-03-30 21:54:26.620,2.877
74500da8-b16d-48c9-a573-2b507d395bbb,121,2025-03-30 21:54:26.621,2025-03-30 21:54:30.531,3.91
74500da8-b16d-48c9-a573-2b507d395bbb,122,2025-03-30 21:54:30.533,2025-03-30 21:54:35.474,4.941
74500da8-b16d-48c9-a573-2b507d395bbb,123,2025-03-30 21:54:35.476,2025-03-30 21:54:38.702,3.226
74500da8-b16d-48c9-a573-2b507d395bbb,124,2025-03-30 21:54:38.704,2025-03-30 21:54:42.726,4.022
74500da8-b16d-48c9-a573-2b507d395bbb,125,2025-03-30 21:54:47.783,2025-03-30 21:55:01.673,13.89
74500da8-b16d-48c9-a573-2b507d395bbb,126,2025-03-30 21:55:01.679,2025-03-30 21:55:07.044,5.365
74500da8-b16d-48c9-a573-2b507d395bbb,127,2025-03-30 21:55:07.047,2025-03-30 21:55:19.602,12.555
74500da8-b16d-48c9-a573-2b507d395bbb,128,2025-03-30 21:55:19.608,2025-03-30 21:55:25.894,6.286
74500da8-b16d-48c9-a573-2b507d395bbb,129,2025-03-30 21:55:25.896,2025-03-30 21:55:39.843,13.947
74500da8-b16d-48c9-a573-2b507d395bbb,130,2025-03-30 21:55:39.849,2025-03-30 21:55:43.460,3.611
74500da8-b16d-48c9-a573-2b507d395bbb,131,2025-03-30 21:55:43.465,2025-03-30 21:55:58.466,15.001
ad87efc0-28f6-4acc-8ec2-a5f449e974bc,132,2025-03-30 21:56:02.547,2025-03-30 21:56:06.475,3.928
ad87efc0-28f6-4acc-8ec2-a5f449e974bc,133,2025-03-30 21:56:06.486,2025-03-30 21:56:12.707,6.221
ad87efc0-28f6-4acc-8ec2-a5f449e974bc,134,2025-03-30 21:56:12.709,2025-03-30 21:56:20.517,7.808
ad87efc0-28f6-4acc-8ec2-a5f449e974bc,135,2025-03-30 21:56:20.522,2025-03-30 21:56:20.527,0.005
ad87efc0-28f6-4acc-8ec2-a5f449e974bc,137,2025-03-30 21:56:26.170,2025-03-30 21:56:30.274,4.104
ad87efc0-28f6-4acc-8ec2-a5f449e974bc,138,2025-03-30 21:56:30.279,2025-03-30 21:56:33.921,3.642
ad87efc0-28f6-4acc-8ec2-a5f449e974bc,139,2025-03-30 21:56:33.923,2025-03-30 21:56:40.366,6.443
ad87efc0-28f6-4acc-8ec2-a5f449e974bc,140,2025-03-30 21:56:40.371,2025-03-30 21:56:45.058,4.687
ad87efc0-28f6-4acc-8ec2-a5f449e974bc,141,2025-03-30 21:56:45.060,2025-03-30 21:56:49.609,4.549
ad87efc0-28f6-4acc-8ec2-a5f449e974bc,142,2025-03-30 21:56:49.612,2025-03-30 21:56:58.423,8.811
ad87efc0-28f6-4acc-8ec2-a5f449e974bc,143,2025-03-30 21:56:58.426,2025-03-30 21:57:04.534,6.108
ad87efc0-28f6-4acc-8ec2-a5f449e974bc,144,2025-03-30 21:57:04.538,2025-03-30 21:57:11.688,7.15
ad87efc0-28f6-4acc-8ec2-a5f449e974bc,145,2025-03-30 21:57:11.691,2025-03-30 21:57:14.583,2.892
ad87efc0-28f6-4acc-8ec2-a5f449e974bc,146,2025-03-30 21:57:14.585,2025-03-30 21:57:19.065,4.48
ad87efc0-28f6-4acc-8ec2-a5f449e974bc,147,2025-03-30 21:57:19.067,2025-03-30 21:57:23.659,4.592
ad87efc0-28f6-4acc-8ec2-a5f449e974bc,148,2025-03-30 21:57:23.662,2025-03-30 21:57:29.046,5.384
ad87efc0-28f6-4acc-8ec2-a5f449e974bc,149,2025-03-30 21:57:29.049,2025-03-30 21:57:33.237,4.188
ad87efc0-28f6-4acc-8ec2-a5f449e974bc,150,2025-03-30 21:57:33.244,2025-03-30 21:57:44.234,10.99
ad87efc0-28f6-4acc-8ec2-a5f449e974bc,151,2025-03-30 21:57:44.242,2025-03-30 21:57:47.238,2.996
ad87efc0-28f6-4acc-8ec2-a5f449e974bc,152,2025-03-30 21:57:47.240,2025-03-30 21:57:51.080,3.84
ad87efc0-28f6-4acc-8ec2-a5f449e974bc,153,2025-03-30 21:57:51.081,2025-03-30 21:57:56.427,5.346
ad87efc0-28f6-4acc-8ec2-a5f449e974bc,154,2025-03-30 21:57:56.433,2025-03-30 21:58:00.742,4.309
ad87efc0-28f6-4acc-8ec2-a5f449e974bc,155,2025-03-30 21:58:00.743,2025-03-30 21:58:06.715,5.972
ad87efc0-28f6-4acc-8ec2-a5f449e974bc,156,2025-03-30 21:58:06.723,2025-03-30 21:58:11.572,4.849
ad87efc0-28f6-4acc-8ec2-a5f449e974bc,157,2025-03-30 21:58:11.575,2025-03-30 21:58:16.152,4.577
ad87efc0-28f6-4acc-8ec2-a5f449e974bc,158,2025-03-30 21:58:16.154,2025-03-30 21:58:22.625,6.471
ad87efc0-28f6-4acc-8ec2-a5f449e974bc,159,2025-03-30 21:58:22.628,2025-03-30 21:58:36.782,14.154
ad87efc0-28f6-4acc-8ec2-a5f449e974bc,160,2025-03-30 21:58:36.789,2025-03-30 21:58:41.319,4.53
ad87efc0-28f6-4acc-8ec2-a5f449e974bc,161,2025-03-30 21:58:41.321,2025-03-30 21:58:49.939,8.618
ad87efc0-28f6-4acc-8ec2-a5f449e974bc,162,2025-03-30 21:58:49.944,2025-03-30 21:58:57.510,7.566
ad87efc0-28f6-4acc-8ec2-a5f449e974bc,163,2025-03-30 21:58:57.513,2025-03-30 21:59:03.732,6.219
ad87efc0-28f6-4acc-8ec2-a5f449e974bc,164,2025-03-30 21:59:03.736,2025-03-30 21:59:07.906,4.17
ad87efc0-28f6-4acc-8ec2-a5f449e974bc,165,2025-03-30 21:59:07.908,2025-03-30 21:59:13.281,5.373
ad87efc0-28f6-4acc-8ec2-a5f449e974bc,166,2025-03-30 21:59:13.287,2025-03-30 21:59:16.843,3.556
ad87efc0-28f6-4acc-8ec2-a5f449e974bc,167,2025-03-30 21:59:16.845,2025-03-30 21:59:20.505,3.66
ad87efc0-28f6-4acc-8ec2-a5f449e974bc,168,2025-03-30 21:59:20.508,2025-03-30 21:59:25.894,5.386
ad87efc0-28f6-4acc-8ec2-a5f449e974bc,169,2025-03-30 21:59:25.898,2025-03-30 21:59:31.559,5.661
ad87efc0-28f6-4acc-8ec2-a5f449e974bc,170,2025-03-30 21:59:31.561,2025-03-30 21:59:40.636,9.075
ad87efc0-28f6-4acc-8ec2-a5f449e974bc,171,2025-03-30 21:59:40.640,2025-03-30 21:59:45.743,5.103
ad87efc0-28f6-4acc-8ec2-a5f449e974bc,172,2025-03-30 21:59:45.745,2025-03-30 21:59:53.608,7.863
ad87efc0-28f6-4acc-8ec2-a5f449e974bc,173,2025-03-30 21:59:53.612,2025-03-30 21:59:58.452,4.84
ad87efc0-28f6-4acc-8ec2-a5f449e974bc,174,2025-03-30 21:59:58.454,2025-03-30 22:00:02.059,3.605
ad87efc0-28f6-4acc-8ec2-a5f449e974bc,175,2025-03-30 22:00:02.061,2025-03-30 22:00:05.831,3.77
ad87efc0-28f6-4acc-8ec2-a5f449e974bc,176,2025-03-30 22:00:05.832,2025-03-30 22:00:12.332,6.5
ad87efc0-28f6-4acc-8ec2-a5f449e974bc,177,2025-03-30 22:00:12.335,2025-03-30 22:00:16.675,4.34
ad87efc0-28f6-4acc-8ec2-a5f449e974bc,178,2025-03-30 22:00:16.678,2025-03-30 22:00:23.635,6.957
ad87efc0-28f6-4acc-8ec2-a5f449e974bc,179,2025-03-30 22:00:23.638,2025-03-30 22:00:28.019,4.381
ad87efc0-28f6-4acc-8ec2-a5f449e974bc,180,2025-03-30 22:00:28.021,2025-03-30 22:00:32.180,4.159
ad87efc0-28f6-4acc-8ec2-a5f449e974bc,181,2025-03-30 22:00:32.184,2025-03-30 22:00:36.384,4.2
ad87efc0-28f6-4acc-8ec2-a5f449e974bc,182,2025-03-30 22:00:36.388,2025-03-30 22:00:41.842,5.454
ad87efc0-28f6-4acc-8ec2-a5f449e974bc,183,2025-03-30 22:00:41.844,2025-03-30 22:00:47.563,5.719
ad87efc0-28f6-4acc-8ec2-a5f449e974bc,184,2025-03-30 22:00:47.566,2025-03-30 22:00:55.961,8.395
ad87efc0-28f6-4acc-8ec2-a5f449e974bc,185,2025-03-30 22:01:01.054,2025-03-30 22:01:05.826,4.772
ad87efc0-28f6-4acc-8ec2-a5f449e974bc,186,2025-03-30 22:01:05.828,2025-03-30 22:01:13.929,8.101
ad87efc0-28f6-4acc-8ec2-a5f449e974bc,187,2025-03-30 22:01:13.933,2025-03-30 22:01:19.192,5.259
ad87efc0-28f6-4acc-8ec2-a5f449e974bc,188,2025-03-30 22:01:19.194,2025-03-30 22:01:22.711,3.517
ad87efc0-28f6-4acc-8ec2-a5f449e974bc,189,2025-03-30 22:01:22.712,2025-03-30 22:01:27.750,5.038
ad87efc0-28f6-4acc-8ec2-a5f449e974bc,190,2025-03-30 22:01:27.754,2025-03-30 22:01:30.519,2.765
ad87efc0-28f6-4acc-8ec2-a5f449e974bc,191,2025-03-30 22:01:30.521,2025-03-30 22:01:38.234,7.713
ad87efc0-28f6-4acc-8ec2-a5f449e974bc,192,2025-03-30 22:01:38.238,2025-03-30 22:01:41.573,3.335
ad87efc0-28f6-4acc-8ec2-a5f449e974bc,193,2025-03-30 22:01:41.578,2025-03-30 22:01:48.005,6.427
ad87efc0-28f6-4acc-8ec2-a5f449e974bc,194,2025-03-30 22:01:48.008,2025-03-30 22:01:52.654,4.646
ad87efc0-28f6-4acc-8ec2-a5f449e974bc,195,2025-03-30 22:01:52.656,2025-03-30 22:01:56.120,3.464
ad87efc0-28f6-4acc-8ec2-a5f449e974bc,196,2025-03-30 22:01:56.123,2025-03-30 22:01:59.533,3.41
ad87efc0-28f6-4acc-8ec2-a5f449e974bc,197,2025-03-30 22:01:59.537,2025-03-30 22:02:04.681,5.144
ad87efc0-28f6-4acc-8ec2-a5f449e974bc,198,2025-03-30 22:02:04.687,2025-03-30 22:02:12.395,7.708
ad87efc0-28f6-4acc-8ec2-a5f449e974bc,199,2025-03-30 22:02:12.401,2025-03-30 22:02:16.889,4.488
ad87efc0-28f6-4acc-8ec2-a5f449e974bc,200,2025-03-30 22:02:16.891,2025-03-30 22:02:19.476,2.585
ad87efc0-28f6-4acc-8ec2-a5f449e974bc,201,2025-03-30 22:02:19.478,2025-03-30 22:02:23.681,4.203
ad87efc0-28f6-4acc-8ec2-a5f449e974bc,202,2025-03-30 22:02:23.683,2025-03-30 22:02:27.901,4.218
ad87efc0-28f6-4acc-8ec2-a5f449e974bc,203,2025-03-30 22:02:27.903,2025-03-30 22:02:35.196,7.293
ad87efc0-28f6-4acc-8ec2-a5f449e974bc,204,2025-03-30 22:02:35.199,2025-03-30 22:02:40.985,5.786
ad87efc0-28f6-4acc-8ec2-a5f449e974bc,205,2025-03-30 22:02:40.987,2025-03-30 22:02:44.143,3.156
ad87efc0-28f6-4acc-8ec2-a5f449e974bc,206,2025-03-30 22:02:44.145,2025-03-30 22:02:49.116,4.971
ad87efc0-28f6-4acc-8ec2-a5f449e974bc,207,2025-03-30 22:02:49.118,2025-03-30 22:02:52.663,3.545
ad87efc0-28f6-4acc-8ec2-a5f449e974bc,208,2025-03-30 22:02:52.665,2025-03-30 22:02:55.462,2.797
ad87efc0-28f6-4acc-8ec2-a5f449e974bc,209,2025-03-30 22:02:55.467,2025-03-30 22:02:59.903,4.436
ad87efc0-28f6-4acc-8ec2-a5f449e974bc,210,2025-03-30 22:02:59.905,2025-03-30 22:03:05.249,5.344
ad87efc0-28f6-4acc-8ec2-a5f449e974bc,211,2025-03-30 22:03:05.252,2025-03-30 22:03:09.646,4.394
ad87efc0-28f6-4acc-8ec2-a5f449e974bc,212,2025-03-30 22:03:09.648,2025-03-30 22:03:13.895,4.247
ad87efc0-28f6-4acc-8ec2-a5f449e974bc,213,2025-03-30 22:03:13.902,2025-03-30 22:03:20.742,6.84
ad87efc0-28f6-4acc-8ec2-a5f449e974bc,214,2025-03-30 22:03:20.746,2025-03-30 22:03:25.391,4.645
ad87efc0-28f6-4acc-8ec2-a5f449e974bc,215,2025-03-30 22:03:25.393,2025-03-30 22:03:33.954,8.561
ad87efc0-28f6-4acc-8ec2-a5f449e974bc,216,2025-03-30 22:03:33.960,2025-03-30 22:03:37.515,3.555
ad87efc0-28f6-4acc-8ec2-a5f449e974bc,217,2025-03-30 22:03:37.517,2025-03-30 22:03:41.260,3.743
ad87efc0-28f6-4acc-8ec2-a5f449e974bc,218,2025-03-30 22:03:41.261,2025-03-30 22:03:46.731,5.47
ad87efc0-28f6-4acc-8ec2-a5f449e974bc,219,2025-03-30 22:03:46.735,2025-03-30 22:03:51.143,4.408
ad87efc0-28f6-4acc-8ec2-a5f449e974bc,220,2025-03-30 22:03:51.148,2025-03-30 22:04:00.430,9.282
ad87efc0-28f6-4acc-8ec2-a5f449e974bc,221,2025-03-30 22:04:00.433,2025-03-30 22:04:04.995,4.562
ad87efc0-28f6-4acc-8ec2-a5f449e974bc,222,2025-03-30 22:04:04.996,2025-03-30 22:04:13.097,8.101
ad87efc0-28f6-4acc-8ec2-a5f449e974bc,223,2025-03-30 22:04:13.101,2025-03-30 22:04:16.756,3.655
ad87efc0-28f6-4acc-8ec2-a5f449e974bc,224,2025-03-30 22:04:16.758,2025-03-30 22:04:19.972,3.214
ad87efc0-28f6-4acc-8ec2-a5f449e974bc,225,2025-03-30 22:04:19.973,2025-03-30 22:04:23.144,3.171
ad87efc0-28f6-4acc-8ec2-a5f449e974bc,226,2025-03-30 22:04:23.146,2025-03-30 22:04:27.712,4.566
ad87efc0-28f6-4acc-8ec2-a5f449e974bc,227,2025-03-30 22:04:27.714,2025-03-30 22:04:35.272,7.558
ad87efc0-28f6-4acc-8ec2-a5f449e974bc,228,2025-03-30 22:04:35.276,2025-03-30 22:04:39.850,4.574
ad87efc0-28f6-4acc-8ec2-a5f449e974bc,229,2025-03-30 22:04:39.852,2025-03-30 22:04:46.546,6.694
ad87efc0-28f6-4acc-8ec2-a5f449e974bc,230,2025-03-30 22:04:46.549,2025-03-30 22:04:51.502,4.953
ad87efc0-28f6-4acc-8ec2-a5f449e974bc,231,2025-03-30 22:04:51.504,2025-03-30 22:04:55.287,3.783
ad87efc0-28f6-4acc-8ec2-a5f449e974bc,232,2025-03-30 22:04:55.288,2025-03-30 22:05:00.829,5.541
ad87efc0-28f6-4acc-8ec2-a5f449e974bc,233,2025-03-30 22:05:00.833,2025-03-30 22:05:06.731,5.898
ad87efc0-28f6-4acc-8ec2-a5f449e974bc,234,2025-03-30 22:05:06.734,2025-03-30 22:05:11.033,4.299
ad87efc0-28f6-4acc-8ec2-a5f449e974bc,235,2025-03-30 22:05:11.035,2025-03-30 22:05:15.264,4.229
ad87efc0-28f6-4acc-8ec2-a5f449e974bc,236,2025-03-30 22:05:15.266,2025-03-30 22:05:25.844,10.578
ad87efc0-28f6-4acc-8ec2-a5f449e974bc,237,2025-03-30 22:05:25.849,2025-03-30 22:05:29.531,3.682
ad87efc0-28f6-4acc-8ec2-a5f449e974bc,238,2025-03-30 22:05:29.534,2025-03-30 22:05:33.026,3.492
ad87efc0-28f6-4acc-8ec2-a5f449e974bc,239,2025-03-30 22:05:33.029,2025-03-30 22:05:41.978,8.949
ad87efc0-28f6-4acc-8ec2-a5f449e974bc,240,2025-03-30 22:05:41.983,2025-03-30 22:05:46.180,4.197
ad87efc0-28f6-4acc-8ec2-a5f449e974bc,241,2025-03-30 22:05:46.183,2025-03-30 22:05:50.175,3.992
ad87efc0-28f6-4acc-8ec2-a5f449e974bc,242,2025-03-30 22:05:50.177,2025-03-30 22:05:54.351,4.174
ad87efc0-28f6-4acc-8ec2-a5f449e974bc,243,2025-03-30 22:05:54.353,2025-03-30 22:05:59.585,5.232
ad87efc0-28f6-4acc-8ec2-a5f449e974bc,244,2025-03-30 22:05:59.588,2025-03-30 22:06:02.312,2.724
ad87efc0-28f6-4acc-8ec2-a5f449e974bc,245,2025-03-30 22:06:02.314,2025-03-30 22:06:08.259,5.945
ad87efc0-28f6-4acc-8ec2-a5f449e974bc,246,2025-03-30 22:06:08.262,2025-03-30 22:06:13.938,5.676
ad87efc0-28f6-4acc-8ec2-a5f449e974bc,247,2025-03-30 22:06:13.941,2025-03-30 22:06:20.078,6.137
ad87efc0-28f6-4acc-8ec2-a5f449e974bc,248,2025-03-30 22:06:20.082,2025-03-30 22:06:26.648,6.566
ad87efc0-28f6-4acc-8ec2-a5f449e974bc,249,2025-03-30 22:06:26.652,2025-03-30 22:06:29.362,2.71
ad87efc0-28f6-4acc-8ec2-a5f449e974bc,250,2025-03-30 22:06:29.364,2025-03-30 22:06:31.921,2.557
ad87efc0-28f6-4acc-8ec2-a5f449e974bc,251,2025-03-30 22:06:31.922,2025-03-30 22:06:39.677,7.755
ad87efc0-28f6-4acc-8ec2-a5f449e974bc,252,2025-03-30 22:06:39.681,2025-03-30 22:06:45.426,5.745
ad87efc0-28f6-4acc-8ec2-a5f449e974bc,253,2025-03-30 22:06:45.434,2025-03-30 22:06:50.576,5.142
ad87efc0-28f6-4acc-8ec2-a5f449e974bc,254,2025-03-30 22:06:50.579,2025-03-30 22:06:54.806,4.227
ad87efc0-28f6-4acc-8ec2-a5f449e974bc,255,2025-03-30 22:06:54.809,2025-03-30 22:07:01.338,6.529
ad87efc0-28f6-4acc-8ec2-a5f449e974bc,256,2025-03-30 22:07:01.341,2025-03-30 22:07:06.543,5.202
ad87efc0-28f6-4acc-8ec2-a5f449e974bc,257,2025-03-30 22:07:06.549,2025-03-30 22:07:12.654,6.105
ad87efc0-28f6-4acc-8ec2-a5f449e974bc,258,2025-03-30 22:07:12.658,2025-03-30 22:07:16.175,3.517
ad87efc0-28f6-4acc-8ec2-a5f449e974bc,259,2025-03-30 22:07:21.176,2025-03-30 22:07:28.273,7.097
ad87efc0-28f6-4acc-8ec2-a5f449e974bc,260,2025-03-30 22:07:28.276,2025-03-30 22:07:32.628,4.352
ad87efc0-28f6-4acc-8ec2-a5f449e974bc,261,2025-03-30 22:07:32.631,2025-03-30 22:07:39.172,6.541
ad87efc0-28f6-4acc-8ec2-a5f449e974bc,262,2025-03-30 22:07:39.176,2025-03-30 22:07:47.358,8.182
ad87efc0-28f6-4acc-8ec2-a5f449e974bc,263,2025-03-30 22:07:47.362,2025-03-30 22:07:54.875,7.513
ad87efc0-28f6-4acc-8ec2-a5f449e974bc,264,2025-03-30 22:07:54.878,2025-03-30 22:07:59.899,5.021
ad87efc0-28f6-4acc-8ec2-a5f449e974bc,265,2025-03-30 22:07:59.902,2025-03-30 22:08:05.425,5.523
ad87efc0-28f6-4acc-8ec2-a5f449e974bc,266,2025-03-30 22:08:05.430,2025-03-30 22:08:09.725,4.295
ad87efc0-28f6-4acc-8ec2-a5f449e974bc,267,2025-03-30 22:08:09.731,2025-03-30 22:08:13.540,3.809
ad87efc0-28f6-4acc-8ec2-a5f449e974bc,268,2025-03-30 22:08:13.544,2025-03-30 22:08:19.235,5.691
ad87efc0-28f6-4acc-8ec2-a5f449e974bc,269,2025-03-30 22:08:19.238,2025-03-30 22:08:23.382,4.144
ad87efc0-28f6-4acc-8ec2-a5f449e974bc,270,2025-03-30 22:08:23.383,2025-03-30 22:08:29.187,5.804
ad87efc0-28f6-4acc-8ec2-a5f449e974bc,271,2025-03-30 22:08:29.190,2025-03-30 22:08:35.939,6.749
ad87efc0-28f6-4acc-8ec2-a5f449e974bc,272,2025-03-30 22:08:35.943,2025-03-30 22:08:50.946,15.003
359314b3-5a7c-4dd0-b813-6d8344c62062,274,2025-03-30 22:09:04.665,2025-03-30 22:09:07.801,3.136
359314b3-5a7c-4dd0-b813-6d8344c62062,275,2025-03-30 22:09:07.803,2025-03-30 22:09:12.480,4.677
359314b3-5a7c-4dd0-b813-6d8344c62062,276,2025-03-30 22:09:12.484,2025-03-30 22:09:17.017,4.533
359314b3-5a7c-4dd0-b813-6d8344c62062,277,2025-03-30 22:09:17.020,2025-03-30 22:09:20.580,3.56
359314b3-5a7c-4dd0-b813-6d8344c62062,278,2025-03-30 22:09:20.586,2025-03-30 22:09:26.734,6.148
359314b3-5a7c-4dd0-b813-6d8344c62062,279,2025-03-30 22:09:26.738,2025-03-30 22:09:29.627,2.889
359314b3-5a7c-4dd0-b813-6d8344c62062,280,2025-03-30 22:09:29.630,2025-03-30 22:09:33.345,3.715
359314b3-5a7c-4dd0-b813-6d8344c62062,281,2025-03-30 22:09:33.347,2025-03-30 22:09:40.071,6.724
359314b3-5a7c-4dd0-b813-6d8344c62062,282,2025-03-30 22:09:40.075,2025-03-30 22:09:44.746,4.671
359314b3-5a7c-4dd0-b813-6d8344c62062,283,2025-03-30 22:09:44.749,2025-03-30 22:09:47.584,2.835
359314b3-5a7c-4dd0-b813-6d8344c62062,284,2025-03-30 22:09:47.585,2025-03-30 22:09:50.663,3.078
359314b3-5a7c-4dd0-b813-6d8344c62062,285,2025-03-30 22:09:50.666,2025-03-30 22:09:55.242,4.576
359314b3-5a7c-4dd0-b813-6d8344c62062,286,2025-03-30 22:09:55.249,2025-03-30 22:10:03.637,8.388
359314b3-5a7c-4dd0-b813-6d8344c62062,287,2025-03-30 22:10:03.641,2025-03-30 22:10:08.410,4.769
359314b3-5a7c-4dd0-b813-6d8344c62062,288,2025-03-30 22:10:08.412,2025-03-30 22:10:14.967,6.555
359314b3-5a7c-4dd0-b813-6d8344c62062,289,2025-03-30 22:10:14.970,2025-03-30 22:10:20.173,5.203
359314b3-5a7c-4dd0-b813-6d8344c62062,290,2025-03-30 22:10:25.186,2025-03-30 22:10:27.800,2.614
359314b3-5a7c-4dd0-b813-6d8344c62062,291,2025-03-30 22:10:27.801,2025-03-30 22:10:32.660,4.859
359314b3-5a7c-4dd0-b813-6d8344c62062,292,2025-03-30 22:10:32.662,2025-03-30 22:10:35.681,3.019
359314b3-5a7c-4dd0-b813-6d8344c62062,293,2025-03-30 22:10:35.683,2025-03-30 22:10:40.302,4.619
359314b3-5a7c-4dd0-b813-6d8344c62062,294,2025-03-30 22:10:40.304,2025-03-30 22:10:44.617,4.313
359314b3-5a7c-4dd0-b813-6d8344c62062,295,2025-03-30 22:10:44.619,2025-03-30 22:10:49.616,4.997
359314b3-5a7c-4dd0-b813-6d8344c62062,296,2025-03-30 22:10:49.618,2025-03-30 22:10:53.999,4.381
359314b3-5a7c-4dd0-b813-6d8344c62062,297,2025-03-30 22:10:54.001,2025-03-30 22:11:00.600,6.599
359314b3-5a7c-4dd0-b813-6d8344c62062,298,2025-03-30 22:11:00.603,2025-03-30 22:11:06.584,5.981
359314b3-5a7c-4dd0-b813-6d8344c62062,299,2025-03-30 22:11:06.588,2025-03-30 22:11:14.366,7.778
359314b3-5a7c-4dd0-b813-6d8344c62062,300,2025-03-30 22:11:14.369,2025-03-30 22:11:18.345,3.976
359314b3-5a7c-4dd0-b813-6d8344c62062,301,2025-03-30 22:11:18.347,2025-03-30 22:11:23.609,5.262
359314b3-5a7c-4dd0-b813-6d8344c62062,302,2025-03-30 22:11:23.611,2025-03-30 22:11:27.839,4.228
359314b3-5a7c-4dd0-b813-6d8344c62062,303,2025-03-30 22:11:27.841,2025-03-30 22:11:32.533,4.692
359314b3-5a7c-4dd0-b813-6d8344c62062,304,2025-03-30 22:11:32.539,2025-03-30 22:11:37.265,4.726
359314b3-5a7c-4dd0-b813-6d8344c62062,305,2025-03-30 22:11:42.416,2025-03-30 22:11:45.672,3.256
359314b3-5a7c-4dd0-b813-6d8344c62062,306,2025-03-30 22:11:45.674,2025-03-30 22:11:49.985,4.311
359314b3-5a7c-4dd0-b813-6d8344c62062,307,2025-03-30 22:11:49.987,2025-03-30 22:11:54.622,4.635
359314b3-5a7c-4dd0-b813-6d8344c62062,308,2025-03-30 22:11:54.624,2025-03-30 22:11:58.228,3.604
359314b3-5a7c-4dd0-b813-6d8344c62062,309,2025-03-30 22:11:58.230,2025-03-30 22:12:03.324,5.094
359314b3-5a7c-4dd0-b813-6d8344c62062,310,2025-03-30 22:12:03.330,2025-03-30 22:12:12.191,8.861
359314b3-5a7c-4dd0-b813-6d8344c62062,311,2025-03-30 22:12:12.196,2025-03-30 22:12:18.372,6.176
359314b3-5a7c-4dd0-b813-6d8344c62062,312,2025-03-30 22:12:18.375,2025-03-30 22:12:24.802,6.427
359314b3-5a7c-4dd0-b813-6d8344c62062,313,2025-03-30 22:12:24.807,2025-03-30 22:12:27.083,2.276
359314b3-5a7c-4dd0-b813-6d8344c62062,314,2025-03-30 22:12:27.084,2025-03-30 22:12:29.031,1.947
359314b3-5a7c-4dd0-b813-6d8344c62062,315,2025-03-30 22:12:29.033,2025-03-30 22:12:33.446,4.413
359314b3-5a7c-4dd0-b813-6d8344c62062,316,2025-03-30 22:12:33.448,2025-03-30 22:12:36.869,3.421
359314b3-5a7c-4dd0-b813-6d8344c62062,317,2025-03-30 22:12:36.871,2025-03-30 22:12:43.721,6.85
359314b3-5a7c-4dd0-b813-6d8344c62062,318,2025-03-30 22:12:43.724,2025-03-30 22:12:49.384,5.66
359314b3-5a7c-4dd0-b813-6d8344c62062,319,2025-03-30 22:12:49.388,2025-03-30 22:12:54.521,5.133
359314b3-5a7c-4dd0-b813-6d8344c62062,320,2025-03-30 22:12:54.524,2025-03-30 22:13:00.842,6.318
359314b3-5a7c-4dd0-b813-6d8344c62062,321,2025-03-30 22:13:00.844,2025-03-30 22:13:07.134,6.29
359314b3-5a7c-4dd0-b813-6d8344c62062,322,2025-03-30 22:13:07.137,2025-03-30 22:13:21.123,13.986
f59e9a00-0a45-4497-8048-818cd5f48267,323,2025-03-30 22:15:55.243,2025-03-30 22:15:59.933,4.69
f59e9a00-0a45-4497-8048-818cd5f48267,324,2025-03-30 22:15:59.935,2025-03-30 22:16:03.551,3.616
f59e9a00-0a45-4497-8048-818cd5f48267,325,2025-03-30 22:16:03.552,2025-03-30 22:16:08.605,5.053
f59e9a00-0a45-4497-8048-818cd5f48267,326,2025-03-30 22:16:08.607,2025-03-30 22:16:13.839,5.232
f59e9a00-0a45-4497-8048-818cd5f48267,327,2025-03-30 22:16:13.841,2025-03-30 22:16:26.634,12.793
f59e9a00-0a45-4497-8048-818cd5f48267,328,2025-03-30 22:16:26.640,2025-03-30 22:16:40.471,13.831
f59e9a00-0a45-4497-8048-818cd5f48267,329,2025-03-30 22:16:40.477,2025-03-30 22:16:49.517,9.04
f59e9a00-0a45-4497-8048-818cd5f48267,330,2025-03-30 22:16:49.520,2025-03-30 22:16:58.787,9.267
f59e9a00-0a45-4497-8048-818cd5f48267,331,2025-03-30 22:16:58.792,2025-03-30 22:17:01.193,2.401
f59e9a00-0a45-4497-8048-818cd5f48267,332,2025-03-30 22:17:01.195,2025-03-30 22:17:05.691,4.496
f59e9a00-0a45-4497-8048-818cd5f48267,333,2025-03-30 22:17:05.693,2025-03-30 22:17:08.516,2.823
f59e9a00-0a45-4497-8048-818cd5f48267,334,2025-03-30 22:17:08.518,2025-03-30 22:17:11.775,3.257
f59e9a00-0a45-4497-8048-818cd5f48267,335,2025-03-30 22:17:11.777,2025-03-30 22:17:15.158,3.381
f59e9a00-0a45-4497-8048-818cd5f48267,336,2025-03-30 22:17:15.159,2025-03-30 22:17:19.221,4.062
f59e9a00-0a45-4497-8048-818cd5f48267,337,2025-03-30 22:17:19.224,2025-03-30 22:17:23.203,3.979
f59e9a00-0a45-4497-8048-818cd5f48267,338,2025-03-30 22:17:23.205,2025-03-30 22:17:29.774,6.569
f59e9a00-0a45-4497-8048-818cd5f48267,339,2025-03-30 22:17:29.778,2025-03-30 22:17:33.419,3.641
f59e9a00-0a45-4497-8048-818cd5f48267,340,2025-03-30 22:17:33.421,2025-03-30 22:17:37.192,3.771
f59e9a00-0a45-4497-8048-818cd5f48267,341,2025-03-30 22:17:37.194,2025-03-30 22:17:42.260,5.066
f59e9a00-0a45-4497-8048-818cd5f48267,342,2025-03-30 22:17:42.263,2025-03-30 22:17:45.725,3.462
f59e9a00-0a45-4497-8048-818cd5f48267,343,2025-03-30 22:17:45.727,2025-03-30 22:17:50.542,4.815
f59e9a00-0a45-4497-8048-818cd5f48267,344,2025-03-30 22:17:50.545,2025-03-30 22:17:53.632,3.087
f59e9a00-0a45-4497-8048-818cd5f48267,345,2025-03-30 22:17:53.634,2025-03-30 22:17:58.059,4.425
f59e9a00-0a45-4497-8048-818cd5f48267,346,2025-03-30 22:17:58.062,2025-03-30 22:18:02.820,4.758
f59e9a00-0a45-4497-8048-818cd5f48267,347,2025-03-30 22:18:02.822,2025-03-30 22:18:09.252,6.43
f59e9a00-0a45-4497-8048-818cd5f48267,348,2025-03-30 22:18:09.256,2025-03-30 22:18:13.427,4.171
f59e9a00-0a45-4497-8048-818cd5f48267,349,2025-03-30 22:18:13.429,2025-03-30 22:18:16.099,2.67
f59e9a00-0a45-4497-8048-818cd5f48267,350,2025-03-30 22:18:16.102,2025-03-30 22:18:19.760,3.658
f59e9a00-0a45-4497-8048-818cd5f48267,351,2025-03-30 22:18:19.761,2025-03-30 22:18:23.367,3.606
f59e9a00-0a45-4497-8048-818cd5f48267,352,2025-03-30 22:18:23.369,2025-03-30 22:18:31.678,8.309
f59e9a00-0a45-4497-8048-818cd5f48267,353,2025-03-30 22:18:31.683,2025-03-30 22:18:35.797,4.114
f59e9a00-0a45-4497-8048-818cd5f48267,354,2025-03-30 22:18:35.799,2025-03-30 22:18:43.010,7.211
f59e9a00-0a45-4497-8048-818cd5f48267,355,2025-03-30 22:18:43.012,2025-03-30 22:18:47.018,4.006
f59e9a00-0a45-4497-8048-818cd5f48267,356,2025-03-30 22:18:47.020,2025-03-30 22:18:55.816,8.796
f59e9a00-0a45-4497-8048-818cd5f48267,357,2025-03-30 22:18:55.819,2025-03-30 22:19:10.822,15.003
c9a0db8e-8359-4a36-8e49-5080627736e3,359,2025-03-30 22:21:36.865,2025-03-30 22:21:43.822,6.957
c9a0db8e-8359-4a36-8e49-5080627736e3,360,2025-03-30 22:21:43.825,2025-03-30 22:21:49.251,5.426
c9a0db8e-8359-4a36-8e49-5080627736e3,361,2025-03-30 22:21:49.254,2025-03-30 22:21:53.023,3.769
c9a0db8e-8359-4a36-8e49-5080627736e3,362,2025-03-30 22:21:53.026,2025-03-30 22:21:57.173,4.147
c9a0db8e-8359-4a36-8e49-5080627736e3,363,2025-03-30 22:21:57.175,2025-03-30 22:22:02.978,5.803
c9a0db8e-8359-4a36-8e49-5080627736e3,364,2025-03-30 22:22:02.985,2025-03-30 22:22:09.773,6.788
c9a0db8e-8359-4a36-8e49-5080627736e3,365,2025-03-30 22:22:09.776,2025-03-30 22:22:14.563,4.787
c9a0db8e-8359-4a36-8e49-5080627736e3,366,2025-03-30 22:22:14.565,2025-03-30 22:22:19.212,4.647
c9a0db8e-8359-4a36-8e49-5080627736e3,367,2025-03-30 22:22:19.219,2025-03-30 22:22:23.750,4.531
c9a0db8e-8359-4a36-8e49-5080627736e3,368,2025-03-30 22:22:23.752,2025-03-30 22:22:26.367,2.615
c9a0db8e-8359-4a36-8e49-5080627736e3,369,2025-03-30 22:22:26.368,2025-03-30 22:22:30.558,4.19
c9a0db8e-8359-4a36-8e49-5080627736e3,370,2025-03-30 22:22:30.560,2025-03-30 22:22:34.124,3.564
c9a0db8e-8359-4a36-8e49-5080627736e3,371,2025-03-30 22:22:34.126,2025-03-30 22:22:40.695,6.569
c9a0db8e-8359-4a36-8e49-5080627736e3,372,2025-03-30 22:22:40.697,2025-03-30 22:22:45.806,5.109
c9a0db8e-8359-4a36-8e49-5080627736e3,373,2025-03-30 22:22:45.809,2025-03-30 22:22:51.387,5.578
c9a0db8e-8359-4a36-8e49-5080627736e3,374,2025-03-30 22:22:51.390,2025-03-30 22:22:57.471,6.081
c9a0db8e-8359-4a36-8e49-5080627736e3,375,2025-03-30 22:22:57.477,2025-03-30 22:23:02.971,5.494
c9a0db8e-8359-4a36-8e49-5080627736e3,376,2025-03-30 22:23:02.974,2025-03-30 22:23:06.199,3.225
c9a0db8e-8359-4a36-8e49-5080627736e3,377,2025-03-30 22:23:06.200,2025-03-30 22:23:12.089,5.889
c9a0db8e-8359-4a36-8e49-5080627736e3,378,2025-03-30 22:23:12.093,2025-03-30 22:23:15.178,3.085
c9a0db8e-8359-4a36-8e49-5080627736e3,379,2025-03-30 22:23:15.180,2025-03-30 22:23:18.785,3.605
c9a0db8e-8359-4a36-8e49-5080627736e3,380,2025-03-30 22:23:18.788,2025-03-30 22:23:23.198,4.41
c9a0db8e-8359-4a36-8e49-5080627736e3,381,2025-03-30 22:23:23.200,2025-03-30 22:23:28.575,5.375
c9a0db8e-8359-4a36-8e49-5080627736e3,382,2025-03-30 22:23:28.577,2025-03-30 22:23:39.685,11.108
c9a0db8e-8359-4a36-8e49-5080627736e3,383,2025-03-30 22:23:39.690,2025-03-30 22:23:43.749,4.059
c9a0db8e-8359-4a36-8e49-5080627736e3,384,2025-03-30 22:23:43.750,2025-03-30 22:23:47.256,3.506
c9a0db8e-8359-4a36-8e49-5080627736e3,385,2025-03-30 22:23:47.258,2025-03-30 22:23:50.778,3.52
c9a0db8e-8359-4a36-8e49-5080627736e3,386,2025-03-30 22:23:50.780,2025-03-30 22:23:53.521,2.741
c9a0db8e-8359-4a36-8e49-5080627736e3,387,2025-03-30 22:23:53.522,2025-03-30 22:23:59.551,6.029
c9a0db8e-8359-4a36-8e49-5080627736e3,388,2025-03-30 22:23:59.554,2025-03-30 22:24:02.041,2.487
c9a0db8e-8359-4a36-8e49-5080627736e3,389,2025-03-30 22:24:02.042,2025-03-30 22:24:07.807,5.765
c9a0db8e-8359-4a36-8e49-5080627736e3,390,2025-03-30 22:24:07.810,2025-03-30 22:24:12.192,4.382
c9a0db8e-8359-4a36-8e49-5080627736e3,391,2025-03-30 22:24:12.194,2025-03-30 22:24:16.243,4.049
c9a0db8e-8359-4a36-8e49-5080627736e3,392,2025-03-30 22:24:16.245,2025-03-30 22:24:20.587,4.342
c9a0db8e-8359-4a36-8e49-5080627736e3,393,2025-03-30 22:24:20.589,2025-03-30 22:24:24.373,3.784
c9a0db8e-8359-4a36-8e49-5080627736e3,394,2025-03-30 22:24:24.375,2025-03-30 22:24:27.616,3.241
c9a0db8e-8359-4a36-8e49-5080627736e3,395,2025-03-30 22:24:27.618,2025-03-30 22:24:30.708,3.09
c9a0db8e-8359-4a36-8e49-5080627736e3,396,2025-03-30 22:24:30.710,2025-03-30 22:24:39.008,8.298
c9a0db8e-8359-4a36-8e49-5080627736e3,397,2025-03-30 22:24:39.012,2025-03-30 22:24:44.617,5.605
c9a0db8e-8359-4a36-8e49-5080627736e3,398,2025-03-30 22:24:44.619,2025-03-30 22:24:49.950,5.331
c9a0db8e-8359-4a36-8e49-5080627736e3,399,2025-03-30 22:24:49.952,2025-03-30 22:24:53.178,3.226
c9a0db8e-8359-4a36-8e49-5080627736e3,400,2025-03-30 22:24:53.180,2025-03-30 22:25:00.294,7.114
c9a0db8e-8359-4a36-8e49-5080627736e3,401,2025-03-30 22:25:00.298,2025-03-30 22:25:06.268,5.97
c9a0db8e-8359-4a36-8e49-5080627736e3,402,2025-03-30 22:25:06.275,2025-03-30 22:25:09.996,3.721
c9a0db8e-8359-4a36-8e49-5080627736e3,403,2025-03-30 22:25:09.998,2025-03-30 22:25:13.742,3.744
c9a0db8e-8359-4a36-8e49-5080627736e3,404,2025-03-30 22:25:13.745,2025-03-30 22:25:18.506,4.761
c9a0db8e-8359-4a36-8e49-5080627736e3,405,2025-03-30 22:25:18.508,2025-03-30 22:25:23.071,4.563
c9a0db8e-8359-4a36-8e49-5080627736e3,406,2025-03-30 22:25:23.073,2025-03-30 22:25:26.635,3.562
c9a0db8e-8359-4a36-8e49-5080627736e3,407,2025-03-30 22:25:26.637,2025-03-30 22:25:31.355,4.718
c9a0db8e-8359-4a36-8e49-5080627736e3,408,2025-03-30 22:25:31.358,2025-03-30 22:25:36.856,5.498
c9a0db8e-8359-4a36-8e49-5080627736e3,409,2025-03-30 22:25:36.858,2025-03-30 22:25:40.640,3.782
c9a0db8e-8359-4a36-8e49-5080627736e3,410,2025-03-30 22:25:40.642,2025-03-30 22:25:43.995,3.353
c9a0db8e-8359-4a36-8e49-5080627736e3,411,2025-03-30 22:25:43.997,2025-03-30 22:25:49.621,5.624
c9a0db8e-8359-4a36-8e49-5080627736e3,412,2025-03-30 22:25:54.710,2025-03-30 22:25:58.697,3.987
c9a0db8e-8359-4a36-8e49-5080627736e3,413,2025-03-30 22:25:58.699,2025-03-30 22:26:03.195,4.496
c9a0db8e-8359-4a36-8e49-5080627736e3,414,2025-03-30 22:26:03.197,2025-03-30 22:26:07.552,4.355
c9a0db8e-8359-4a36-8e49-5080627736e3,415,2025-03-30 22:26:07.555,2025-03-30 22:26:15.812,8.257
c9a0db8e-8359-4a36-8e49-5080627736e3,416,2025-03-30 22:26:15.818,2025-03-30 22:26:20.626,4.808
c9a0db8e-8359-4a36-8e49-5080627736e3,417,2025-03-30 22:26:25.752,2025-03-30 22:26:28.812,3.06
c9a0db8e-8359-4a36-8e49-5080627736e3,418,2025-03-30 22:26:28.813,2025-03-30 22:26:35.036,6.223
c9a0db8e-8359-4a36-8e49-5080627736e3,419,2025-03-30 22:26:35.038,2025-03-30 22:26:38.893,3.855
c9a0db8e-8359-4a36-8e49-5080627736e3,420,2025-03-30 22:26:38.900,2025-03-30 22:26:42.636,3.736
c9a0db8e-8359-4a36-8e49-5080627736e3,421,2025-03-30 22:26:42.639,2025-03-30 22:26:49.293,6.654
c9a0db8e-8359-4a36-8e49-5080627736e3,422,2025-03-30 22:26:49.295,2025-03-30 22:26:53.106,3.811
c9a0db8e-8359-4a36-8e49-5080627736e3,423,2025-03-30 22:26:53.111,2025-03-30 22:26:56.545,3.434
c9a0db8e-8359-4a36-8e49-5080627736e3,424,2025-03-30 22:26:56.547,2025-03-30 22:26:59.412,2.865
c9a0db8e-8359-4a36-8e49-5080627736e3,425,2025-03-30 22:27:04.539,2025-03-30 22:27:07.627,3.088
c9a0db8e-8359-4a36-8e49-5080627736e3,426,2025-03-30 22:27:07.629,2025-03-30 22:27:11.679,4.05
23a477dd-d8b8-42c6-adbe-47f39ed77952,428,2025-03-30 22:27:35.986,2025-03-30 22:27:40.351,4.365
23a477dd-d8b8-42c6-adbe-47f39ed77952,429,2025-03-30 22:27:40.353,2025-03-30 22:27:45.685,5.332
23a477dd-d8b8-42c6-adbe-47f39ed77952,430,2025-03-30 22:27:45.688,2025-03-30 22:27:52.256,6.568
23a477dd-d8b8-42c6-adbe-47f39ed77952,431,2025-03-30 22:27:52.260,2025-03-30 22:27:55.833,3.573
23a477dd-d8b8-42c6-adbe-47f39ed77952,432,2025-03-30 22:27:55.834,2025-03-30 22:28:09.744,13.91
23a477dd-d8b8-42c6-adbe-47f39ed77952,433,2025-03-30 22:28:09.750,2025-03-30 22:28:14.685,4.935
23a477dd-d8b8-42c6-adbe-47f39ed77952,434,2025-03-30 22:28:14.688,2025-03-30 22:28:19.307,4.619
23a477dd-d8b8-42c6-adbe-47f39ed77952,435,2025-03-30 22:28:19.309,2025-03-30 22:28:22.396,3.087
23a477dd-d8b8-42c6-adbe-47f39ed77952,436,2025-03-30 22:28:22.399,2025-03-30 22:28:25.877,3.478
23a477dd-d8b8-42c6-adbe-47f39ed77952,437,2025-03-30 22:28:25.879,2025-03-30 22:28:30.736,4.857
23a477dd-d8b8-42c6-adbe-47f39ed77952,438,2025-03-30 22:28:30.738,2025-03-30 22:28:36.822,6.084
23a477dd-d8b8-42c6-adbe-47f39ed77952,439,2025-03-30 22:28:36.826,2025-03-30 22:28:42.111,5.285
23a477dd-d8b8-42c6-adbe-47f39ed77952,440,2025-03-30 22:28:42.114,2025-03-30 22:28:48.697,6.583
23a477dd-d8b8-42c6-adbe-47f39ed77952,441,2025-03-30 22:28:48.699,2025-03-30 22:28:53.459,4.76
23a477dd-d8b8-42c6-adbe-47f39ed77952,442,2025-03-30 22:28:53.461,2025-03-30 22:28:57.467,4.006
23a477dd-d8b8-42c6-adbe-47f39ed77952,443,2025-03-30 22:28:57.469,2025-03-30 22:29:01.004,3.535
23a477dd-d8b8-42c6-adbe-47f39ed77952,444,2025-03-30 22:29:01.006,2025-03-30 22:29:04.734,3.728
23a477dd-d8b8-42c6-adbe-47f39ed77952,445,2025-03-30 22:29:04.736,2025-03-30 22:29:10.054,5.318
23a477dd-d8b8-42c6-adbe-47f39ed77952,446,2025-03-30 22:29:10.057,2025-03-30 22:29:13.410,3.353
23a477dd-d8b8-42c6-adbe-47f39ed77952,447,2025-03-30 22:29:13.412,2025-03-30 22:29:17.112,3.7
23a477dd-d8b8-42c6-adbe-47f39ed77952,448,2025-03-30 22:29:17.114,2025-03-30 22:29:22.862,5.748
23a477dd-d8b8-42c6-adbe-47f39ed77952,449,2025-03-30 22:29:22.864,2025-03-30 22:29:28.851,5.987
23a477dd-d8b8-42c6-adbe-47f39ed77952,450,2025-03-30 22:29:28.854,2025-03-30 22:29:32.176,3.322
23a477dd-d8b8-42c6-adbe-47f39ed77952,451,2025-03-30 22:29:32.177,2025-03-30 22:29:39.027,6.85
23a477dd-d8b8-42c6-adbe-47f39ed77952,452,2025-03-30 22:29:39.031,2025-03-30 22:29:43.118,4.087
23a477dd-d8b8-42c6-adbe-47f39ed77952,453,2025-03-30 22:29:43.120,2025-03-30 22:29:47.895,4.775
23a477dd-d8b8-42c6-adbe-47f39ed77952,454,2025-03-30 22:29:47.897,2025-03-30 22:29:51.667,3.77
23a477dd-d8b8-42c6-adbe-47f39ed77952,455,2025-03-30 22:29:51.669,2025-03-30 22:29:55.412,3.743
23a477dd-d8b8-42c6-adbe-47f39ed77952,456,2025-03-30 22:29:55.414,2025-03-30 22:30:01.247,5.833
23a477dd-d8b8-42c6-adbe-47f39ed77952,457,2025-03-30 22:30:01.250,2025-03-30 22:30:07.303,6.053
23a477dd-d8b8-42c6-adbe-47f39ed77952,458,2025-03-30 22:30:07.305,2025-03-30 22:30:22.313,15.008
dfb19734-6102-44df-8e11-9947e134eeb2,460,2025-03-30 22:33:28.913,2025-03-30 22:33:31.191,2.278
dfb19734-6102-44df-8e11-9947e134eeb2,461,2025-03-30 22:33:31.192,2025-03-30 22:33:34.576,3.384
dfb19734-6102-44df-8e11-9947e134eeb2,463,2025-03-30 22:33:39.354,2025-03-30 22:33:42.175,2.821
dfb19734-6102-44df-8e11-9947e134eeb2,464,2025-03-30 22:33:42.177,2025-03-30 22:33:48.999,6.822
dfb19734-6102-44df-8e11-9947e134eeb2,465,2025-03-30 22:33:49.002,2025-03-30 22:33:52.059,3.057
dfb19734-6102-44df-8e11-9947e134eeb2,466,2025-03-30 22:33:52.061,2025-03-30 22:33:56.431,4.37
dfb19734-6102-44df-8e11-9947e134eeb2,467,2025-03-30 22:33:56.433,2025-03-30 22:33:59.520,3.087
dfb19734-6102-44df-8e11-9947e134eeb2,468,2025-03-30 22:33:59.522,2025-03-30 22:34:03.684,4.162
dfb19734-6102-44df-8e11-9947e134eeb2,469,2025-03-30 22:34:03.687,2025-03-30 22:34:07.733,4.046
dfb19734-6102-44df-8e11-9947e134eeb2,470,2025-03-30 22:34:07.735,2025-03-30 22:34:10.728,2.993
dfb19734-6102-44df-8e11-9947e134eeb2,471,2025-03-30 22:34:10.730,2025-03-30 22:34:14.430,3.7
dfb19734-6102-44df-8e11-9947e134eeb2,472,2025-03-30 22:34:14.432,2025-03-30 22:34:19.247,4.815
dfb19734-6102-44df-8e11-9947e134eeb2,473,2025-03-30 22:34:19.250,2025-03-30 22:34:25.582,6.332
dfb19734-6102-44df-8e11-9947e134eeb2,474,2025-03-30 22:34:25.586,2025-03-30 22:34:29.324,3.738
dfb19734-6102-44df-8e11-9947e134eeb2,475,2025-03-30 22:34:29.326,2025-03-30 22:34:33.653,4.327
dfb19734-6102-44df-8e11-9947e134eeb2,476,2025-03-30 22:34:33.655,2025-03-30 22:34:38.485,4.83
dfb19734-6102-44df-8e11-9947e134eeb2,477,2025-03-30 22:34:38.487,2025-03-30 22:34:44.512,6.025
dfb19734-6102-44df-8e11-9947e134eeb2,478,2025-03-30 22:34:44.515,2025-03-30 22:34:49.329,4.814
dfb19734-6102-44df-8e11-9947e134eeb2,479,2025-03-30 22:34:49.331,2025-03-30 22:34:53.016,3.685
dfb19734-6102-44df-8e11-9947e134eeb2,480,2025-03-30 22:34:58.155,2025-03-30 22:35:00.657,2.502
dfb19734-6102-44df-8e11-9947e134eeb2,481,2025-03-30 22:35:00.659,2025-03-30 22:35:07.426,6.767
dfb19734-6102-44df-8e11-9947e134eeb2,482,2025-03-30 22:35:07.429,2025-03-30 22:35:11.474,4.045
dfb19734-6102-44df-8e11-9947e134eeb2,483,2025-03-30 22:35:11.476,2025-03-30 22:35:19.327,7.851
dfb19734-6102-44df-8e11-9947e134eeb2,484,2025-03-30 22:35:19.331,2025-03-30 22:35:25.787,6.456
dfb19734-6102-44df-8e11-9947e134eeb2,485,2025-03-30 22:35:25.790,2025-03-30 22:35:29.518,3.728
dfb19734-6102-44df-8e11-9947e134eeb2,486,2025-03-30 22:35:29.519,2025-03-30 22:35:35.794,6.275
dfb19734-6102-44df-8e11-9947e134eeb2,487,2025-03-30 22:35:35.797,2025-03-30 22:35:39.621,3.824
dfb19734-6102-44df-8e11-9947e134eeb2,488,2025-03-30 22:35:39.623,2025-03-30 22:35:43.437,3.814
dfb19734-6102-44df-8e11-9947e134eeb2,489,2025-03-30 22:35:43.439,2025-03-30 22:35:46.054,2.615
dfb19734-6102-44df-8e11-9947e134eeb2,490,2025-03-30 22:35:46.056,2025-03-30 22:35:52.124,6.068
dfb19734-6102-44df-8e11-9947e134eeb2,491,2025-03-30 22:35:52.127,2025-03-30 22:35:55.741,3.614
dfb19734-6102-44df-8e11-9947e134eeb2,492,2025-03-30 22:35:55.743,2025-03-30 22:36:03.427,7.684
dfb19734-6102-44df-8e11-9947e134eeb2,493,2025-03-30 22:36:03.430,2025-03-30 22:36:09.120,5.69
dfb19734-6102-44df-8e11-9947e134eeb2,494,2025-03-30 22:36:09.123,2025-03-30 22:36:13.839,4.716
dfb19734-6102-44df-8e11-9947e134eeb2,495,2025-03-30 22:36:13.841,2025-03-30 22:36:22.470,8.629
dfb19734-6102-44df-8e11-9947e134eeb2,496,2025-03-30 22:36:22.475,2025-03-30 22:36:26.561,4.086
dfb19734-6102-44df-8e11-9947e134eeb2,497,2025-03-30 22:36:26.563,2025-03-30 22:36:30.626,4.063
dfb19734-6102-44df-8e11-9947e134eeb2,498,2025-03-30 22:36:30.628,2025-03-30 22:36:34.606,3.978
dfb19734-6102-44df-8e11-9947e134eeb2,499,2025-03-30 22:36:34.609,2025-03-30 22:36:38.965,4.356
dfb19734-6102-44df-8e11-9947e134eeb2,500,2025-03-30 22:36:38.967,2025-03-30 22:36:43.377,4.41
dfb19734-6102-44df-8e11-9947e134eeb2,501,2025-03-30 22:36:43.381,2025-03-30 22:36:46.481,3.1
dfb19734-6102-44df-8e11-9947e134eeb2,502,2025-03-30 22:36:46.482,2025-03-30 22:36:51.910,5.428
dfb19734-6102-44df-8e11-9947e134eeb2,503,2025-03-30 22:36:51.913,2025-03-30 22:36:56.058,4.145
dfb19734-6102-44df-8e11-9947e134eeb2,504,2025-03-30 22:36:56.060,2025-03-30 22:36:59.523,3.463
3e4a23a8-c0e7-4ce7-ae53-eeaf9f4c0fd5,1785,2025-04-01 22:25:16.966,2025-04-01 22:25:22.073,5.107
3e4a23a8-c0e7-4ce7-ae53-eeaf9f4c0fd5,1787,2025-04-01 22:25:31.421,2025-04-01 22:25:34.770,3.349
3e4a23a8-c0e7-4ce7-ae53-eeaf9f4c0fd5,1788,2025-04-01 22:25:34.773,2025-04-01 22:25:39.713,4.94
3e4a23a8-c0e7-4ce7-ae53-eeaf9f4c0fd5,1789,2025-04-01 22:25:39.715,2025-04-01 22:25:50.463,10.748
3e4a23a8-c0e7-4ce7-ae53-eeaf9f4c0fd5,1790,2025-04-01 22:25:50.468,2025-04-01 22:25:54.277,3.809
3e4a23a8-c0e7-4ce7-ae53-eeaf9f4c0fd5,1791,2025-04-01 22:25:54.280,2025-04-01 22:25:59.761,5.481
3e4a23a8-c0e7-4ce7-ae53-eeaf9f4c0fd5,1792,2025-04-01 22:25:59.765,2025-04-01 22:26:02.823,3.058
3e4a23a8-c0e7-4ce7-ae53-eeaf9f4c0fd5,1793,2025-04-01 22:26:02.824,2025-04-01 22:26:07.334,4.51
3e4a23a8-c0e7-4ce7-ae53-eeaf9f4c0fd5,1794,2025-04-01 22:26:07.337,2025-04-01 22:26:12.905,5.568
3e4a23a8-c0e7-4ce7-ae53-eeaf9f4c0fd5,1795,2025-04-01 22:26:12.908,2025-04-01 22:26:15.018,2.11
3e4a23a8-c0e7-4ce7-ae53-eeaf9f4c0fd5,1796,2025-04-01 22:26:15.020,2025-04-01 22:26:18.681,3.661
3e4a23a8-c0e7-4ce7-ae53-eeaf9f4c0fd5,1797,2025-04-01 22:26:18.683,2025-04-01 22:26:21.353,2.67
3e4a23a8-c0e7-4ce7-ae53-eeaf9f4c0fd5,1798,2025-04-01 22:26:21.354,2025-04-01 22:26:24.291,2.937
3e4a23a8-c0e7-4ce7-ae53-eeaf9f4c0fd5,1799,2025-04-01 22:26:24.292,2025-04-01 22:26:29.457,5.165
3e4a23a8-c0e7-4ce7-ae53-eeaf9f4c0fd5,1800,2025-04-01 22:26:29.460,2025-04-01 22:26:39.818,10.358
3e4a23a8-c0e7-4ce7-ae53-eeaf9f4c0fd5,1801,2025-04-01 22:26:39.822,2025-04-01 22:26:44.244,4.422
3e4a23a8-c0e7-4ce7-ae53-eeaf9f4c0fd5,1802,2025-04-01 22:26:44.246,2025-04-01 22:26:58.056,13.81
3e4a23a8-c0e7-4ce7-ae53-eeaf9f4c0fd5,1803,2025-04-01 22:27:03.083,2025-04-01 22:27:07.034,3.951
3e4a23a8-c0e7-4ce7-ae53-eeaf9f4c0fd5,1804,2025-04-01 22:27:12.118,2025-04-01 22:27:14.719,2.601
3e4a23a8-c0e7-4ce7-ae53-eeaf9f4c0fd5,1805,2025-04-01 22:27:14.720,2025-04-01 22:27:18.144,3.424
3e4a23a8-c0e7-4ce7-ae53-eeaf9f4c0fd5,1806,2025-04-01 22:27:18.147,2025-04-01 22:27:22.557,4.41
3e4a23a8-c0e7-4ce7-ae53-eeaf9f4c0fd5,1807,2025-04-01 22:27:22.559,2025-04-01 22:27:26.107,3.548
3e4a23a8-c0e7-4ce7-ae53-eeaf9f4c0fd5,1808,2025-04-01 22:27:26.110,2025-04-01 22:27:29.949,3.839
3e4a23a8-c0e7-4ce7-ae53-eeaf9f4c0fd5,1809,2025-04-01 22:27:29.951,2025-04-01 22:27:35.018,5.067
3e4a23a8-c0e7-4ce7-ae53-eeaf9f4c0fd5,1810,2025-04-01 22:27:35.021,2025-04-01 22:27:38.540,3.519
3e4a23a8-c0e7-4ce7-ae53-eeaf9f4c0fd5,1811,2025-04-01 22:27:38.541,2025-04-01 22:27:41.867,3.326
3e4a23a8-c0e7-4ce7-ae53-eeaf9f4c0fd5,1812,2025-04-01 22:27:41.868,2025-04-01 22:27:48.190,6.322
3e4a23a8-c0e7-4ce7-ae53-eeaf9f4c0fd5,1813,2025-04-01 22:27:48.194,2025-04-01 22:27:51.975,3.781
3e4a23a8-c0e7-4ce7-ae53-eeaf9f4c0fd5,1814,2025-04-01 22:27:51.977,2025-04-01 22:27:55.288,3.311
3e4a23a8-c0e7-4ce7-ae53-eeaf9f4c0fd5,1815,2025-04-01 22:27:55.290,2025-04-01 22:27:59.883,4.593
3e4a23a8-c0e7-4ce7-ae53-eeaf9f4c0fd5,1816,2025-04-01 22:27:59.887,2025-04-01 22:28:03.363,3.476
3e4a23a8-c0e7-4ce7-ae53-eeaf9f4c0fd5,1817,2025-04-01 22:28:03.365,2025-04-01 22:28:10.242,6.877
3e4a23a8-c0e7-4ce7-ae53-eeaf9f4c0fd5,1818,2025-04-01 22:28:10.245,2025-04-01 22:28:13.750,3.505
3e4a23a8-c0e7-4ce7-ae53-eeaf9f4c0fd5,1819,2025-04-01 22:28:13.752,2025-04-01 22:28:16.575,2.823
3e4a23a8-c0e7-4ce7-ae53-eeaf9f4c0fd5,1820,2025-04-01 22:28:16.576,2025-04-01 22:28:20.293,3.717
3e4a23a8-c0e7-4ce7-ae53-eeaf9f4c0fd5,1821,2025-04-01 22:28:20.294,2025-04-01 22:28:24.847,4.553
3e4a23a8-c0e7-4ce7-ae53-eeaf9f4c0fd5,1822,2025-04-01 22:28:24.850,2025-04-01 22:28:27.754,2.904
3e4a23a8-c0e7-4ce7-ae53-eeaf9f4c0fd5,1823,2025-04-01 22:28:27.756,2025-04-01 22:28:36.849,9.093
3e4a23a8-c0e7-4ce7-ae53-eeaf9f4c0fd5,1824,2025-04-01 22:28:36.853,2025-04-01 22:28:46.888,10.035
3e4a23a8-c0e7-4ce7-ae53-eeaf9f4c0fd5,1825,2025-04-01 22:28:46.892,2025-04-01 22:28:52.622,5.73
3e4a23a8-c0e7-4ce7-ae53-eeaf9f4c0fd5,1826,2025-04-01 22:28:52.624,2025-04-01 22:28:56.867,4.243
3e4a23a8-c0e7-4ce7-ae53-eeaf9f4c0fd5,1827,2025-04-01 22:28:56.869,2025-04-01 22:29:01.322,4.453
3e4a23a8-c0e7-4ce7-ae53-eeaf9f4c0fd5,1828,2025-04-01 22:29:01.324,2025-04-01 22:29:06.265,4.941
3e4a23a8-c0e7-4ce7-ae53-eeaf9f4c0fd5,1829,2025-04-01 22:29:06.267,2025-04-01 22:29:10.999,4.732
3e4a23a8-c0e7-4ce7-ae53-eeaf9f4c0fd5,1830,2025-04-01 22:29:11.001,2025-04-01 22:29:14.506,3.505
3e4a23a8-c0e7-4ce7-ae53-eeaf9f4c0fd5,1831,2025-04-01 22:29:14.508,2025-04-01 22:29:18.307,3.799
3e4a23a8-c0e7-4ce7-ae53-eeaf9f4c0fd5,1832,2025-04-01 22:29:18.309,2025-04-01 22:29:22.150,3.841
3e4a23a8-c0e7-4ce7-ae53-eeaf9f4c0fd5,1833,2025-04-01 22:29:22.152,2025-04-01 22:29:25.212,3.06
3e4a23a8-c0e7-4ce7-ae53-eeaf9f4c0fd5,1834,2025-04-01 22:29:25.214,2025-04-01 22:29:28.094,2.88
3e4a23a8-c0e7-4ce7-ae53-eeaf9f4c0fd5,1835,2025-04-01 22:29:28.096,2025-04-01 22:29:36.924,8.828
3e4a23a8-c0e7-4ce7-ae53-eeaf9f4c0fd5,1836,2025-04-01 22:29:36.928,2025-04-01 22:29:41.907,4.979
3e4a23a8-c0e7-4ce7-ae53-eeaf9f4c0fd5,1837,2025-04-01 22:29:41.909,2025-04-01 22:29:46.877,4.968
3e4a23a8-c0e7-4ce7-ae53-eeaf9f4c0fd5,1838,2025-04-01 22:29:46.880,2025-04-01 22:29:53.658,6.778
3e4a23a8-c0e7-4ce7-ae53-eeaf9f4c0fd5,1839,2025-04-01 22:29:53.661,2025-04-01 22:29:57.011,3.35
3e4a23a8-c0e7-4ce7-ae53-eeaf9f4c0fd5,1840,2025-04-01 22:29:57.013,2025-04-01 22:30:00.214,3.201
3e4a23a8-c0e7-4ce7-ae53-eeaf9f4c0fd5,1841,2025-04-01 22:30:00.216,2025-04-01 22:30:02.928,2.712
3e4a23a8-c0e7-4ce7-ae53-eeaf9f4c0fd5,1842,2025-04-01 22:30:02.930,2025-04-01 22:30:08.874,5.944
3e4a23a8-c0e7-4ce7-ae53-eeaf9f4c0fd5,1843,2025-04-01 22:30:08.877,2025-04-01 22:30:11.685,2.808
3e4a23a8-c0e7-4ce7-ae53-eeaf9f4c0fd5,1844,2025-04-01 22:30:11.687,2025-04-01 22:30:15.320,3.633
3e4a23a8-c0e7-4ce7-ae53-eeaf9f4c0fd5,1845,2025-04-01 22:30:15.322,2025-04-01 22:30:19.344,4.022
3e4a23a8-c0e7-4ce7-ae53-eeaf9f4c0fd5,1846,2025-04-01 22:30:19.346,2025-04-01 22:30:29.717,10.371
3e4a23a8-c0e7-4ce7-ae53-eeaf9f4c0fd5,1847,2025-04-01 22:30:29.721,2025-04-01 22:30:35.801,6.08
3e4a23a8-c0e7-4ce7-ae53-eeaf9f4c0fd5,1848,2025-04-01 22:30:35.805,2025-04-01 22:30:40.032,4.227
3e4a23a8-c0e7-4ce7-ae53-eeaf9f4c0fd5,1849,2025-04-01 22:30:40.034,2025-04-01 22:30:49.473,9.439
3e4a23a8-c0e7-4ce7-ae53-eeaf9f4c0fd5,1850,2025-04-01 22:30:49.478,2025-04-01 22:30:56.893,7.415
3e4a23a8-c0e7-4ce7-ae53-eeaf9f4c0fd5,1851,2025-04-01 22:30:56.896,2025-04-01 22:31:01.641,4.745
3e4a23a8-c0e7-4ce7-ae53-eeaf9f4c0fd5,1852,2025-04-01 22:31:01.643,2025-04-01 22:31:09.897,8.254
3e4a23a8-c0e7-4ce7-ae53-eeaf9f4c0fd5,1853,2025-04-01 22:31:09.902,2025-04-01 22:31:15.117,5.215
3e4a23a8-c0e7-4ce7-ae53-eeaf9f4c0fd5,1854,2025-04-01 22:31:15.120,2025-04-01 22:31:20.199,5.079
3e4a23a8-c0e7-4ce7-ae53-eeaf9f4c0fd5,1855,2025-04-01 22:31:20.201,2025-04-01 22:31:26.422,6.221
3e4a23a8-c0e7-4ce7-ae53-eeaf9f4c0fd5,1856,2025-04-01 22:31:26.426,2025-04-01 22:31:28.940,2.514
3e4a23a8-c0e7-4ce7-ae53-eeaf9f4c0fd5,1857,2025-04-01 22:31:28.942,2025-04-01 22:31:34.901,5.959
3e4a23a8-c0e7-4ce7-ae53-eeaf9f4c0fd5,1858,2025-04-01 22:31:34.903,2025-04-01 22:31:40.902,5.999
3e4a23a8-c0e7-4ce7-ae53-eeaf9f4c0fd5,1859,2025-04-01 22:31:40.906,2025-04-01 22:31:46.805,5.899
3e4a23a8-c0e7-4ce7-ae53-eeaf9f4c0fd5,1860,2025-04-01 22:31:46.809,2025-04-01 22:31:51.509,4.7
3e4a23a8-c0e7-4ce7-ae53-eeaf9f4c0fd5,1861,2025-04-01 22:31:51.512,2025-04-01 22:31:58.290,6.778
3e4a23a8-c0e7-4ce7-ae53-eeaf9f4c0fd5,1862,2025-04-01 22:31:58.294,2025-04-01 22:32:04.096,5.802
3e4a23a8-c0e7-4ce7-ae53-eeaf9f4c0fd5,1863,2025-04-01 22:32:04.099,2025-04-01 22:32:06.503,2.404
3e4a23a8-c0e7-4ce7-ae53-eeaf9f4c0fd5,1864,2025-04-01 22:32:06.505,2025-04-01 22:32:11.266,4.761
3e4a23a8-c0e7-4ce7-ae53-eeaf9f4c0fd5,1865,2025-04-01 22:32:11.268,2025-04-01 22:32:15.583,4.315
3e4a23a8-c0e7-4ce7-ae53-eeaf9f4c0fd5,1866,2025-04-01 22:32:15.585,2025-04-01 22:32:19.869,4.284
3e4a23a8-c0e7-4ce7-ae53-eeaf9f4c0fd5,1867,2025-04-01 22:32:19.872,2025-04-01 22:32:26.302,6.43
3e4a23a8-c0e7-4ce7-ae53-eeaf9f4c0fd5,1868,2025-04-01 22:32:26.305,2025-04-01 22:32:29.963,3.658
3e4a23a8-c0e7-4ce7-ae53-eeaf9f4c0fd5,1869,2025-04-01 22:32:29.965,2025-04-01 22:32:33.039,3.074
3e4a23a8-c0e7-4ce7-ae53-eeaf9f4c0fd5,1870,2025-04-01 22:32:33.041,2025-04-01 22:32:41.770,8.729
f43c63f7-4814-4cda-8fb8-a6a19cfbc342,1987,2025-04-02 21:48:17.562,2025-04-02 21:48:25.967,8.405
f43c63f7-4814-4cda-8fb8-a6a19cfbc342,1988,2025-04-02 21:48:26.057,2025-04-02 21:48:30.308,4.251
f43c63f7-4814-4cda-8fb8-a6a19cfbc342,1989,2025-04-02 21:48:30.310,2025-04-02 21:48:35.988,5.678
f43c63f7-4814-4cda-8fb8-a6a19cfbc342,1990,2025-04-02 21:48:35.990,2025-04-02 21:48:46.151,10.161
f43c63f7-4814-4cda-8fb8-a6a19cfbc342,1991,2025-04-02 21:48:46.155,2025-04-02 21:48:48.821,2.666
f43c63f7-4814-4cda-8fb8-a6a19cfbc342,1992,2025-04-02 21:48:48.823,2025-04-02 21:48:52.455,3.632
f43c63f7-4814-4cda-8fb8-a6a19cfbc342,1993,2025-04-02 21:48:52.458,2025-04-02 21:48:56.018,3.56
f43c63f7-4814-4cda-8fb8-a6a19cfbc342,1994,2025-04-02 21:48:56.020,2025-04-02 21:49:00.125,4.105
f43c63f7-4814-4cda-8fb8-a6a19cfbc342,1995,2025-04-02 21:49:00.126,2025-04-02 21:49:04.357,4.231
f43c63f7-4814-4cda-8fb8-a6a19cfbc342,1996,2025-04-02 21:49:04.360,2025-04-02 21:49:07.739,3.379
f43c63f7-4814-4cda-8fb8-a6a19cfbc342,1997,2025-04-02 21:49:07.741,2025-04-02 21:49:11.777,4.036
f43c63f7-4814-4cda-8fb8-a6a19cfbc342,1998,2025-04-02 21:49:11.779,2025-04-02 21:49:21.230,9.451
f43c63f7-4814-4cda-8fb8-a6a19cfbc342,1999,2025-04-02 21:49:21.233,2025-04-02 21:49:30.014,8.781
f43c63f7-4814-4cda-8fb8-a6a19cfbc342,2000,2025-04-02 21:49:30.018,2025-04-02 21:49:33.672,3.654
f43c63f7-4814-4cda-8fb8-a6a19cfbc342,2001,2025-04-02 21:49:33.674,2025-04-02 21:49:37.696,4.022
f43c63f7-4814-4cda-8fb8-a6a19cfbc342,2002,2025-04-02 21:49:37.698,2025-04-02 21:49:41.467,3.769
f43c63f7-4814-4cda-8fb8-a6a19cfbc342,2003,2025-04-02 21:49:41.469,2025-04-02 21:49:45.588,4.119
f43c63f7-4814-4cda-8fb8-a6a19cfbc342,2004,2025-04-02 21:49:45.590,2025-04-02 21:49:52.299,6.709
f43c63f7-4814-4cda-8fb8-a6a19cfbc342,2005,2025-04-02 21:49:52.302,2025-04-02 21:49:59.329,7.027
f43c63f7-4814-4cda-8fb8-a6a19cfbc342,2006,2025-04-02 21:49:59.332,2025-04-02 21:50:02.584,3.252
f43c63f7-4814-4cda-8fb8-a6a19cfbc342,2007,2025-04-02 21:50:02.587,2025-04-02 21:50:05.953,3.366
f43c63f7-4814-4cda-8fb8-a6a19cfbc342,2008,2025-04-02 21:50:05.955,2025-04-02 21:50:08.653,2.698
f43c63f7-4814-4cda-8fb8-a6a19cfbc342,2009,2025-04-02 21:50:08.655,2025-04-02 21:50:12.983,4.328
f43c63f7-4814-4cda-8fb8-a6a19cfbc342,2010,2025-04-02 21:50:12.986,2025-04-02 21:50:15.766,2.78
f43c63f7-4814-4cda-8fb8-a6a19cfbc342,2011,2025-04-02 21:50:15.767,2025-04-02 21:50:22.687,6.92
f43c63f7-4814-4cda-8fb8-a6a19cfbc342,2012,2025-04-02 21:50:22.690,2025-04-02 21:50:27.712,5.022
f43c63f7-4814-4cda-8fb8-a6a19cfbc342,2013,2025-04-02 21:50:27.714,2025-04-02 21:50:31.692,3.978
f43c63f7-4814-4cda-8fb8-a6a19cfbc342,2014,2025-04-02 21:50:31.694,2025-04-02 21:50:34.336,2.642
f43c63f7-4814-4cda-8fb8-a6a19cfbc342,2015,2025-04-02 21:50:34.338,2025-04-02 21:50:38.583,4.245
f43c63f7-4814-4cda-8fb8-a6a19cfbc342,2016,2025-04-02 21:50:38.585,2025-04-02 21:50:43.052,4.467
f43c63f7-4814-4cda-8fb8-a6a19cfbc342,2017,2025-04-02 21:50:43.054,2025-04-02 21:50:49.053,5.999
f43c63f7-4814-4cda-8fb8-a6a19cfbc342,2018,2025-04-02 21:50:49.056,2025-04-02 21:50:52.727,3.671
f43c63f7-4814-4cda-8fb8-a6a19cfbc342,2019,2025-04-02 21:50:52.728,2025-04-02 21:50:57.292,4.564
f43c63f7-4814-4cda-8fb8-a6a19cfbc342,2020,2025-04-02 21:50:57.294,2025-04-02 21:51:01.064,3.77
f43c63f7-4814-4cda-8fb8-a6a19cfbc342,2021,2025-04-02 21:51:01.066,2025-04-02 21:51:04.000,2.934
f43c63f7-4814-4cda-8fb8-a6a19cfbc342,2022,2025-04-02 21:51:04.002,2025-04-02 21:51:08.693,4.691
f43c63f7-4814-4cda-8fb8-a6a19cfbc342,2023,2025-04-02 21:51:08.695,2025-04-02 21:51:12.522,3.827
f43c63f7-4814-4cda-8fb8-a6a19cfbc342,2024,2025-04-02 21:51:12.524,2025-04-02 21:51:16.989,4.465
396f53e6-e4aa-4d49-861d-5cab0e380592,2054,2025-04-02 22:19:12.419,2025-04-02 22:19:17.163,4.744
396f53e6-e4aa-4d49-861d-5cab0e380592,2055,2025-04-02 22:19:17.260,2025-04-02 22:19:21.643,4.383
396f53e6-e4aa-4d49-861d-5cab0e380592,2056,2025-04-02 22:19:21.645,2025-04-02 22:19:25.931,4.286
396f53e6-e4aa-4d49-861d-5cab0e380592,2057,2025-04-02 22:19:25.934,2025-04-02 22:19:29.242,3.308
396f53e6-e4aa-4d49-861d-5cab0e380592,2058,2025-04-02 22:19:29.244,2025-04-02 22:19:33.085,3.841
396f53e6-e4aa-4d49-861d-5cab0e380592,2059,2025-04-02 22:19:33.087,2025-04-02 22:19:36.453,3.366
396f53e6-e4aa-4d49-861d-5cab0e380592,2060,2025-04-02 22:19:36.455,2025-04-02 22:19:39.640,3.185
396f53e6-e4aa-4d49-861d-5cab0e380592,2061,2025-04-02 22:19:39.642,2025-04-02 22:19:43.512,3.87
396f53e6-e4aa-4d49-861d-5cab0e380592,2062,2025-04-02 22:19:43.513,2025-04-02 22:19:46.796,3.283
396f53e6-e4aa-4d49-861d-5cab0e380592,2063,2025-04-02 22:19:46.798,2025-04-02 22:19:50.612,3.814
396f53e6-e4aa-4d49-861d-5cab0e380592,2064,2025-04-02 22:19:50.615,2025-04-02 22:19:55.400,4.785
396f53e6-e4aa-4d49-861d-5cab0e380592,2065,2025-04-02 22:19:55.402,2025-04-02 22:19:59.017,3.615
396f53e6-e4aa-4d49-861d-5cab0e380592,2066,2025-04-02 22:20:04.088,2025-04-02 22:20:07.203,3.115
396f53e6-e4aa-4d49-861d-5cab0e380592,2067,2025-04-02 22:20:07.205,2025-04-02 22:20:09.569,2.364
396f53e6-e4aa-4d49-861d-5cab0e380592,2068,2025-04-02 22:20:09.570,2025-04-02 22:20:14.818,5.248
396f53e6-e4aa-4d49-861d-5cab0e380592,2069,2025-04-02 22:20:14.820,2025-04-02 22:20:18.326,3.506
396f53e6-e4aa-4d49-861d-5cab0e380592,2070,2025-04-02 22:20:18.329,2025-04-02 22:20:22.127,3.798
396f53e6-e4aa-4d49-861d-5cab0e380592,2071,2025-04-02 22:20:22.130,2025-04-02 22:20:26.456,4.326
396f53e6-e4aa-4d49-861d-5cab0e380592,2072,2025-04-02 22:20:26.459,2025-04-02 22:20:29.698,3.239
396f53e6-e4aa-4d49-861d-5cab0e380592,2073,2025-04-02 22:20:29.699,2025-04-02 22:20:32.092,2.393
396f53e6-e4aa-4d49-861d-5cab0e380592,2074,2025-04-02 22:20:32.094,2025-04-02 22:20:37.983,5.889
396f53e6-e4aa-4d49-861d-5cab0e380592,2075,2025-04-02 22:20:37.986,2025-04-02 22:20:41.866,3.88
396f53e6-e4aa-4d49-861d-5cab0e380592,2076,2025-04-02 22:20:41.868,2025-04-02 22:20:46.585,4.717
396f53e6-e4aa-4d49-861d-5cab0e380592,2077,2025-04-02 22:20:46.587,2025-04-02 22:20:49.980,3.393
396f53e6-e4aa-4d49-861d-5cab0e380592,2078,2025-04-02 22:20:49.981,2025-04-02 22:20:52.666,2.685
396f53e6-e4aa-4d49-861d-5cab0e380592,2079,2025-04-02 22:20:52.668,2025-04-02 22:20:55.562,2.894
396f53e6-e4aa-4d49-861d-5cab0e380592,2080,2025-04-02 22:20:55.564,2025-04-02 22:20:59.893,4.329
396f53e6-e4aa-4d49-861d-5cab0e380592,2081,2025-04-02 22:20:59.896,2025-04-02 22:21:03.972,4.076
396f53e6-e4aa-4d49-861d-5cab0e380592,2082,2025-04-02 22:21:03.974,2025-04-02 22:21:07.477,3.503
396f53e6-e4aa-4d49-861d-5cab0e380592,2083,2025-04-02 22:21:07.479,2025-04-02 22:21:11.821,4.342
396f53e6-e4aa-4d49-861d-5cab0e380592,2084,2025-04-02 22:21:11.824,2025-04-02 22:21:16.750,4.926
396f53e6-e4aa-4d49-861d-5cab0e380592,2085,2025-04-02 22:21:16.753,2025-04-02 22:21:21.831,5.078
396f53e6-e4aa-4d49-861d-5cab0e380592,2086,2025-04-02 22:21:21.833,2025-04-02 22:21:24.671,2.838
396f53e6-e4aa-4d49-861d-5cab0e380592,2087,2025-04-02 22:21:24.672,2025-04-02 22:21:29.112,4.44
396f53e6-e4aa-4d49-861d-5cab0e380592,2088,2025-04-02 22:21:29.114,2025-04-02 22:21:31.448,2.334
396f53e6-e4aa-4d49-861d-5cab0e380592,2089,2025-04-02 22:21:31.449,2025-04-02 22:21:36.295,4.846
396f53e6-e4aa-4d49-861d-5cab0e380592,2090,2025-04-02 22:21:36.297,2025-04-02 22:21:40.122,3.825
396f53e6-e4aa-4d49-861d-5cab0e380592,2091,2025-04-02 22:21:40.124,2025-04-02 22:21:43.629,3.505
396f53e6-e4aa-4d49-861d-5cab0e380592,2092,2025-04-02 22:21:43.632,2025-04-02 22:21:47.861,4.229
396f53e6-e4aa-4d49-861d-5cab0e380592,2093,2025-04-02 22:21:47.864,2025-04-02 22:21:59.806,11.942
396f53e6-e4aa-4d49-861d-5cab0e380592,2094,2025-04-02 22:21:59.811,2025-04-02 22:22:07.031,7.22
396f53e6-e4aa-4d49-861d-5cab0e380592,2095,2025-04-02 22:22:07.034,2025-04-02 22:22:10.732,3.698
396f53e6-e4aa-4d49-861d-5cab0e380592,2096,2025-04-02 22:22:15.832,2025-04-02 22:22:19.808,3.976
396f53e6-e4aa-4d49-861d-5cab0e380592,2097,2025-04-02 22:22:19.810,2025-04-02 22:22:27.047,7.237
396f53e6-e4aa-4d49-861d-5cab0e380592,2098,2025-04-02 22:22:27.050,2025-04-02 22:22:32.059,5.009
396f53e6-e4aa-4d49-861d-5cab0e380592,2099,2025-04-02 22:22:32.061,2025-04-02 22:22:35.579,3.518
396f53e6-e4aa-4d49-861d-5cab0e380592,2100,2025-04-02 22:22:35.582,2025-04-02 22:22:39.268,3.686
396f53e6-e4aa-4d49-861d-5cab0e380592,2101,2025-04-02 22:22:39.270,2025-04-02 22:22:43.334,4.064
396f53e6-e4aa-4d49-861d-5cab0e380592,2102,2025-04-02 22:22:43.336,2025-04-02 22:22:53.385,10.049
396f53e6-e4aa-4d49-861d-5cab0e380592,2103,2025-04-02 22:22:53.389,2025-04-02 22:22:57.129,3.74
396f53e6-e4aa-4d49-861d-5cab0e380592,2104,2025-04-02 22:22:57.131,2025-04-02 22:23:04.145,7.014
396f53e6-e4aa-4d49-861d-5cab0e380592,2105,2025-04-02 22:23:04.148,2025-04-02 22:23:08.210,4.062
396f53e6-e4aa-4d49-861d-5cab0e380592,2106,2025-04-02 22:23:08.213,2025-04-02 22:23:12.621,4.408
396f53e6-e4aa-4d49-861d-5cab0e380592,2107,2025-04-02 22:23:12.623,2025-04-02 22:23:16.868,4.245
396f53e6-e4aa-4d49-861d-5cab0e380592,2108,2025-04-02 22:23:16.870,2025-04-02 22:23:20.821,3.951
396f53e6-e4aa-4d49-861d-5cab0e380592,2109,2025-04-02 22:23:20.824,2025-04-02 22:23:26.515,5.691
396f53e6-e4aa-4d49-861d-5cab0e380592,2110,2025-04-02 22:23:26.517,2025-04-02 22:23:29.048,2.531
396f53e6-e4aa-4d49-861d-5cab0e380592,2111,2025-04-02 22:23:29.050,2025-04-02 22:23:34.714,5.664
396f53e6-e4aa-4d49-861d-5cab0e380592,2112,2025-04-02 22:23:34.716,2025-04-02 22:23:38.122,3.406
396f53e6-e4aa-4d49-861d-5cab0e380592,2113,2025-04-02 22:23:38.124,2025-04-02 22:23:42.871,4.747
396f53e6-e4aa-4d49-861d-5cab0e380592,2114,2025-04-02 22:23:42.873,2025-04-02 22:23:51.516,8.643
396f53e6-e4aa-4d49-861d-5cab0e380592,2115,2025-04-02 22:23:51.519,2025-04-02 22:23:57.460,5.941
396f53e6-e4aa-4d49-861d-5cab0e380592,2116,2025-04-02 22:23:57.463,2025-04-02 22:24:03.042,5.579
396f53e6-e4aa-4d49-861d-5cab0e380592,2117,2025-04-02 22:24:03.045,2025-04-02 22:24:07.189,4.144
396f53e6-e4aa-4d49-861d-5cab0e380592,2118,2025-04-02 22:24:07.191,2025-04-02 22:24:19.552,12.361
957d4d90-5e33-448f-8662-9a27f6f2b66c,2121,2025-04-02 22:32:41.549,2025-04-02 22:32:46.003,4.454
957d4d90-5e33-448f-8662-9a27f6f2b66c,2122,2025-04-02 22:32:46.005,2025-04-02 22:32:52.086,6.081
957d4d90-5e33-448f-8662-9a27f6f2b66c,2123,2025-04-02 22:32:52.088,2025-04-02 22:32:55.703,3.615
957d4d90-5e33-448f-8662-9a27f6f2b66c,2124,2025-04-02 22:32:55.706,2025-04-02 22:33:01.147,5.441
957d4d90-5e33-448f-8662-9a27f6f2b66c,2125,2025-04-02 22:33:01.150,2025-04-02 22:33:03.386,2.236
957d4d90-5e33-448f-8662-9a27f6f2b66c,2126,2025-04-02 22:33:03.387,2025-04-02 22:33:06.045,2.658
957d4d90-5e33-448f-8662-9a27f6f2b66c,2127,2025-04-02 22:33:06.046,2025-04-02 22:33:09.080,3.034
957d4d90-5e33-448f-8662-9a27f6f2b66c,2128,2025-04-02 22:33:09.081,2025-04-02 22:33:13.035,3.954
957d4d90-5e33-448f-8662-9a27f6f2b66c,2129,2025-04-02 22:33:13.037,2025-04-02 22:33:17.656,4.619
957d4d90-5e33-448f-8662-9a27f6f2b66c,2130,2025-04-02 22:33:17.658,2025-04-02 22:33:22.445,4.787
957d4d90-5e33-448f-8662-9a27f6f2b66c,2131,2025-04-02 22:33:22.448,2025-04-02 22:33:25.255,2.807
957d4d90-5e33-448f-8662-9a27f6f2b66c,2132,2025-04-02 22:33:25.257,2025-04-02 22:33:29.140,3.883
957d4d90-5e33-448f-8662-9a27f6f2b66c,2133,2025-04-02 22:33:29.142,2025-04-02 22:33:32.815,3.673
957d4d90-5e33-448f-8662-9a27f6f2b66c,2134,2025-04-02 22:33:32.816,2025-04-02 22:33:36.796,3.98
957d4d90-5e33-448f-8662-9a27f6f2b66c,2135,2025-04-02 22:33:36.798,2025-04-02 22:33:40.763,3.965
957d4d90-5e33-448f-8662-9a27f6f2b66c,2136,2025-04-02 22:33:40.765,2025-04-02 22:33:45.761,4.996
957d4d90-5e33-448f-8662-9a27f6f2b66c,2137,2025-04-02 22:33:45.764,2025-04-02 22:33:51.650,5.886
957d4d90-5e33-448f-8662-9a27f6f2b66c,2138,2025-04-02 22:33:56.759,2025-04-02 22:34:08.064,11.305
957d4d90-5e33-448f-8662-9a27f6f2b66c,2139,2025-04-02 22:34:08.069,2025-04-02 22:34:13.505,5.436
957d4d90-5e33-448f-8662-9a27f6f2b66c,2140,2025-04-02 22:34:13.509,2025-04-02 22:34:17.569,4.06
957d4d90-5e33-448f-8662-9a27f6f2b66c,2141,2025-04-02 22:34:17.571,2025-04-02 22:34:22.831,5.26
957d4d90-5e33-448f-8662-9a27f6f2b66c,2142,2025-04-02 22:34:22.833,2025-04-02 22:34:26.018,3.185
957d4d90-5e33-448f-8662-9a27f6f2b66c,2143,2025-04-02 22:34:26.020,2025-04-02 22:34:28.732,2.712
957d4d90-5e33-448f-8662-9a27f6f2b66c,2144,2025-04-02 22:34:28.734,2025-04-02 22:34:35.304,6.57
957d4d90-5e33-448f-8662-9a27f6f2b66c,2145,2025-04-02 22:34:35.307,2025-04-02 22:34:41.317,6.01
957d4d90-5e33-448f-8662-9a27f6f2b66c,2146,2025-04-02 22:34:41.320,2025-04-02 22:34:44.003,2.683
957d4d90-5e33-448f-8662-9a27f6f2b66c,2147,2025-04-02 22:34:44.004,2025-04-02 22:34:48.597,4.593
957d4d90-5e33-448f-8662-9a27f6f2b66c,2148,2025-04-02 22:34:48.599,2025-04-02 22:34:51.812,3.213
957d4d90-5e33-448f-8662-9a27f6f2b66c,2149,2025-04-02 22:34:51.814,2025-04-02 22:34:54.833,3.019
957d4d90-5e33-448f-8662-9a27f6f2b66c,2150,2025-04-02 22:34:54.835,2025-04-02 22:34:58.829,3.994
957d4d90-5e33-448f-8662-9a27f6f2b66c,2151,2025-04-02 22:34:58.831,2025-04-02 22:35:03.437,4.606
c488b456-7651-4424-8cc9-8f81ed92e0e2,2155,2025-04-02 22:38:40.794,2025-04-02 22:38:45.024,4.23
c488b456-7651-4424-8cc9-8f81ed92e0e2,2156,2025-04-02 22:38:45.027,2025-04-02 22:38:47.711,2.684
c488b456-7651-4424-8cc9-8f81ed92e0e2,2157,2025-04-02 22:38:47.712,2025-04-02 22:38:51.136,3.424
c488b456-7651-4424-8cc9-8f81ed92e0e2,2158,2025-04-02 22:38:51.138,2025-04-02 22:38:54.198,3.06
c488b456-7651-4424-8cc9-8f81ed92e0e2,2159,2025-04-02 22:38:54.199,2025-04-02 22:38:56.912,2.713
c488b456-7651-4424-8cc9-8f81ed92e0e2,2160,2025-04-02 22:38:56.913,2025-04-02 22:39:00.100,3.187
c488b456-7651-4424-8cc9-8f81ed92e0e2,2162,2025-04-02 22:39:04.641,2025-04-02 22:39:09.650,5.009
c488b456-7651-4424-8cc9-8f81ed92e0e2,2163,2025-04-02 22:39:09.652,2025-04-02 22:39:16.458,6.806
c488b456-7651-4424-8cc9-8f81ed92e0e2,2164,2025-04-02 22:39:16.462,2025-04-02 22:39:19.338,2.876
c488b456-7651-4424-8cc9-8f81ed92e0e2,2165,2025-04-02 22:39:19.340,2025-04-02 22:39:24.838,5.498
c488b456-7651-4424-8cc9-8f81ed92e0e2,2166,2025-04-02 22:39:24.841,2025-04-02 22:39:31.450,6.609
c488b456-7651-4424-8cc9-8f81ed92e0e2,2167,2025-04-02 22:39:31.452,2025-04-02 22:39:35.485,4.033
c488b456-7651-4424-8cc9-8f81ed92e0e2,2168,2025-04-02 22:39:35.488,2025-04-02 22:39:39.440,3.952
c488b456-7651-4424-8cc9-8f81ed92e0e2,2169,2025-04-02 22:39:39.441,2025-04-02 22:39:42.013,2.572
c488b456-7651-4424-8cc9-8f81ed92e0e2,2170,2025-04-02 22:39:42.014,2025-04-02 22:39:47.277,5.263
c488b456-7651-4424-8cc9-8f81ed92e0e2,2171,2025-04-02 22:39:47.279,2025-04-02 22:39:51.647,4.368
c488b456-7651-4424-8cc9-8f81ed92e0e2,2172,2025-04-02 22:39:51.649,2025-04-02 22:39:54.417,2.768
c488b456-7651-4424-8cc9-8f81ed92e0e2,2173,2025-04-02 22:39:54.419,2025-04-02 22:40:00.487,6.068
c488b456-7651-4424-8cc9-8f81ed92e0e2,2174,2025-04-02 22:40:00.490,2025-04-02 22:40:05.040,4.55
c488b456-7651-4424-8cc9-8f81ed92e0e2,2175,2025-04-02 22:40:05.043,2025-04-02 22:40:08.324,3.281
c488b456-7651-4424-8cc9-8f81ed92e0e2,2176,2025-04-02 22:40:08.325,2025-04-02 22:40:13.948,5.623
c488b456-7651-4424-8cc9-8f81ed92e0e2,2177,2025-04-02 22:40:13.950,2025-04-02 22:40:16.926,2.976
c488b456-7651-4424-8cc9-8f81ed92e0e2,2178,2025-04-02 22:40:16.928,2025-04-02 22:40:23.540,6.612
c488b456-7651-4424-8cc9-8f81ed92e0e2,2179,2025-04-02 22:40:23.543,2025-04-02 22:40:26.559,3.016
c488b456-7651-4424-8cc9-8f81ed92e0e2,2180,2025-04-02 22:40:26.561,2025-04-02 22:40:30.304,3.743
c488b456-7651-4424-8cc9-8f81ed92e0e2,2181,2025-04-02 22:40:30.306,2025-04-02 22:40:33.380,3.074
c488b456-7651-4424-8cc9-8f81ed92e0e2,2182,2025-04-02 22:40:33.381,2025-04-02 22:40:36.247,2.866
c488b456-7651-4424-8cc9-8f81ed92e0e2,2183,2025-04-02 22:40:36.248,2025-04-02 22:40:40.355,4.107
c488b456-7651-4424-8cc9-8f81ed92e0e2,2184,2025-04-02 22:40:40.357,2025-04-02 22:40:46.480,6.123
c488b456-7651-4424-8cc9-8f81ed92e0e2,2185,2025-04-02 22:40:46.483,2025-04-02 22:40:51.059,4.576
c488b456-7651-4424-8cc9-8f81ed92e0e2,2186,2025-04-02 22:40:51.061,2025-04-02 22:40:54.455,3.394
c488b456-7651-4424-8cc9-8f81ed92e0e2,2187,2025-04-02 22:40:54.458,2025-04-02 22:40:58.060,3.602
c488b456-7651-4424-8cc9-8f81ed92e0e2,2188,2025-04-02 22:40:58.062,2025-04-02 22:41:01.387,3.325
c488b456-7651-4424-8cc9-8f81ed92e0e2,2189,2025-04-02 22:41:01.389,2025-04-02 22:41:05.257,3.868
c488b456-7651-4424-8cc9-8f81ed92e0e2,2190,2025-04-02 22:41:05.260,2025-04-02 22:41:12.219,6.959
c488b456-7651-4424-8cc9-8f81ed92e0e2,2191,2025-04-02 22:41:12.222,2025-04-02 22:41:17.244,5.022
c488b456-7651-4424-8cc9-8f81ed92e0e2,2192,2025-04-02 22:41:17.247,2025-04-02 22:41:23.397,6.15
c488b456-7651-4424-8cc9-8f81ed92e0e2,2193,2025-04-02 22:41:23.399,2025-04-02 22:41:27.001,3.602
c488b456-7651-4424-8cc9-8f81ed92e0e2,2194,2025-04-02 22:41:27.002,2025-04-02 22:41:30.440,3.438
c488b456-7651-4424-8cc9-8f81ed92e0e2,2195,2025-04-02 22:41:30.441,2025-04-02 22:41:37.359,6.918
c488b456-7651-4424-8cc9-8f81ed92e0e2,2196,2025-04-02 22:41:37.362,2025-04-02 22:41:40.921,3.559
c488b456-7651-4424-8cc9-8f81ed92e0e2,2197,2025-04-02 22:41:40.924,2025-04-02 22:41:44.944,4.02
c488b456-7651-4424-8cc9-8f81ed92e0e2,2198,2025-04-02 22:41:44.947,2025-04-02 22:41:48.856,3.909
c488b456-7651-4424-8cc9-8f81ed92e0e2,2199,2025-04-02 22:41:48.858,2025-04-02 22:41:55.051,6.193
c488b456-7651-4424-8cc9-8f81ed92e0e2,2200,2025-04-02 22:41:55.054,2025-04-02 22:42:06.244,11.19
c488b456-7651-4424-8cc9-8f81ed92e0e2,2201,2025-04-02 22:42:06.249,2025-04-02 22:42:09.624,3.375
c488b456-7651-4424-8cc9-8f81ed92e0e2,2202,2025-04-02 22:42:09.626,2025-04-02 22:42:14.330,4.704
c488b456-7651-4424-8cc9-8f81ed92e0e2,2203,2025-04-02 22:42:14.333,2025-04-02 22:42:16.834,2.501
c488b456-7651-4424-8cc9-8f81ed92e0e2,2204,2025-04-02 22:42:16.836,2025-04-02 22:42:20.719,3.883
c488b456-7651-4424-8cc9-8f81ed92e0e2,2205,2025-04-02 22:42:20.721,2025-04-02 22:42:25.689,4.968
c488b456-7651-4424-8cc9-8f81ed92e0e2,2206,2025-04-02 22:42:25.691,2025-04-02 22:42:30.366,4.675
c488b456-7651-4424-8cc9-8f81ed92e0e2,2207,2025-04-02 22:42:30.368,2025-04-02 22:42:33.288,2.92
c488b456-7651-4424-8cc9-8f81ed92e0e2,2208,2025-04-02 22:42:33.290,2025-04-02 22:42:35.320,2.03
c488b456-7651-4424-8cc9-8f81ed92e0e2,2209,2025-04-02 22:42:35.321,2025-04-02 22:42:41.640,6.319
c488b456-7651-4424-8cc9-8f81ed92e0e2,2210,2025-04-02 22:42:41.643,2025-04-02 22:42:47.447,5.804
c488b456-7651-4424-8cc9-8f81ed92e0e2,2211,2025-04-02 22:42:47.450,2025-04-02 22:42:54.505,7.055
c488b456-7651-4424-8cc9-8f81ed92e0e2,2212,2025-04-02 22:42:54.509,2025-04-02 22:42:59.433,4.924
c488b456-7651-4424-8cc9-8f81ed92e0e2,2213,2025-04-02 22:42:59.435,2025-04-02 22:43:02.174,2.739
c488b456-7651-4424-8cc9-8f81ed92e0e2,2214,2025-04-02 22:43:02.176,2025-04-02 22:43:09.902,7.726
c488b456-7651-4424-8cc9-8f81ed92e0e2,2215,2025-04-02 22:43:09.906,2025-04-02 22:43:16.667,6.761
c488b456-7651-4424-8cc9-8f81ed92e0e2,2216,2025-04-02 22:43:16.669,2025-04-02 22:43:20.367,3.698
c488b456-7651-4424-8cc9-8f81ed92e0e2,2217,2025-04-02 22:43:20.369,2025-04-02 22:43:23.443,3.074
c488b456-7651-4424-8cc9-8f81ed92e0e2,2218,2025-04-02 22:43:23.446,2025-04-02 22:43:29.320,5.874
c488b456-7651-4424-8cc9-8f81ed92e0e2,2219,2025-04-02 22:43:29.322,2025-04-02 22:43:34.260,4.938
c488b456-7651-4424-8cc9-8f81ed92e0e2,2220,2025-04-02 22:43:34.262,2025-04-02 22:43:39.941,5.679
c488b456-7651-4424-8cc9-8f81ed92e0e2,2221,2025-04-02 22:43:39.943,2025-04-02 22:43:42.514,2.571
c488b456-7651-4424-8cc9-8f81ed92e0e2,2222,2025-04-02 22:43:42.515,2025-04-02 22:43:46.901,4.386
c488b456-7651-4424-8cc9-8f81ed92e0e2,2223,2025-04-02 22:43:46.903,2025-04-02 22:43:51.062,4.159
c488b456-7651-4424-8cc9-8f81ed92e0e2,2224,2025-04-02 22:43:51.064,2025-04-02 22:43:58.636,7.572
c488b456-7651-4424-8cc9-8f81ed92e0e2,2225,2025-04-02 22:43:58.639,2025-04-02 22:44:05.374,6.735
c488b456-7651-4424-8cc9-8f81ed92e0e2,2226,2025-04-02 22:44:05.378,2025-04-02 22:44:08.601,3.223
c488b456-7651-4424-8cc9-8f81ed92e0e2,2227,2025-04-02 22:44:08.604,2025-04-02 22:44:14.380,5.776
c488b456-7651-4424-8cc9-8f81ed92e0e2,2228,2025-04-02 22:44:14.383,2025-04-02 22:44:18.555,4.172
c488b456-7651-4424-8cc9-8f81ed92e0e2,2229,2025-04-02 22:44:18.556,2025-04-02 22:44:22.271,3.715
c488b456-7651-4424-8cc9-8f81ed92e0e2,2230,2025-04-02 22:44:22.274,2025-04-02 22:44:29.052,6.778
c488b456-7651-4424-8cc9-8f81ed92e0e2,2231,2025-04-02 22:44:29.054,2025-04-02 22:44:33.045,3.991
c488b456-7651-4424-8cc9-8f81ed92e0e2,2232,2025-04-02 22:44:33.048,2025-04-02 22:44:36.943,3.895
c488b456-7651-4424-8cc9-8f81ed92e0e2,2233,2025-04-02 22:44:36.945,2025-04-02 22:44:40.994,4.049
c488b456-7651-4424-8cc9-8f81ed92e0e2,2234,2025-04-02 22:44:40.996,2025-04-02 22:44:45.657,4.661
c488b456-7651-4424-8cc9-8f81ed92e0e2,2235,2025-04-02 22:44:45.659,2025-04-02 22:44:48.329,2.67
c488b456-7651-4424-8cc9-8f81ed92e0e2,2236,2025-04-02 22:44:48.330,2025-04-02 22:44:52.269,3.939
c488b456-7651-4424-8cc9-8f81ed92e0e2,2237,2025-04-02 22:44:52.271,2025-04-02 22:44:55.276,3.005
c488b456-7651-4424-8cc9-8f81ed92e0e2,2238,2025-04-02 22:44:55.278,2025-04-02 22:45:02.447,7.169
c488b456-7651-4424-8cc9-8f81ed92e0e2,2239,2025-04-02 22:45:02.450,2025-04-02 22:45:06.285,3.835
c488b456-7651-4424-8cc9-8f81ed92e0e2,2240,2025-04-02 22:45:06.287,2025-04-02 22:45:10.543,4.256
c488b456-7651-4424-8cc9-8f81ed92e0e2,2241,2025-04-02 22:45:10.546,2025-04-02 22:45:19.095,8.549
c488b456-7651-4424-8cc9-8f81ed92e0e2,2242,2025-04-02 22:45:19.099,2025-04-02 22:45:22.336,3.237
c488b456-7651-4424-8cc9-8f81ed92e0e2,2243,2025-04-02 22:45:22.338,2025-04-02 22:45:28.393,6.055
c488b456-7651-4424-8cc9-8f81ed92e0e2,2244,2025-04-02 22:45:28.397,2025-04-02 22:45:31.705,3.308
c488b456-7651-4424-8cc9-8f81ed92e0e2,2245,2025-04-02 22:45:31.707,2025-04-02 22:45:34.098,2.391
c488b456-7651-4424-8cc9-8f81ed92e0e2,2246,2025-04-02 22:45:34.099,2025-04-02 22:45:37.007,2.908
c488b456-7651-4424-8cc9-8f81ed92e0e2,2247,2025-04-02 22:45:37.009,2025-04-02 22:45:43.678,6.669
c488b456-7651-4424-8cc9-8f81ed92e0e2,2248,2025-04-02 22:45:43.681,2025-04-02 22:45:48.424,4.743
c488b456-7651-4424-8cc9-8f81ed92e0e2,2249,2025-04-02 22:45:48.426,2025-04-02 22:45:57.223,8.797
c488b456-7651-4424-8cc9-8f81ed92e0e2,2250,2025-04-02 22:45:57.227,2025-04-02 22:46:01.495,4.268
c488b456-7651-4424-8cc9-8f81ed92e0e2,2251,2025-04-02 22:46:01.497,2025-04-02 22:46:04.752,3.255
c488b456-7651-4424-8cc9-8f81ed92e0e2,2252,2025-04-02 22:46:04.754,2025-04-02 22:46:07.883,3.129
c488b456-7651-4424-8cc9-8f81ed92e0e2,2253,2025-04-02 22:46:07.886,2025-04-02 22:46:11.196,3.31
c488b456-7651-4424-8cc9-8f81ed92e0e2,2254,2025-04-02 22:46:11.198,2025-04-02 22:46:15.066,3.868
c488b456-7651-4424-8cc9-8f81ed92e0e2,2255,2025-04-02 22:46:15.069,2025-04-02 22:46:20.497,5.428
c488b456-7651-4424-8cc9-8f81ed92e0e2,2256,2025-04-02 22:46:20.499,2025-04-02 22:46:23.487,2.988
c488b456-7651-4424-8cc9-8f81ed92e0e2,2257,2025-04-02 22:46:23.490,2025-04-02 22:46:27.386,3.896
c488b456-7651-4424-8cc9-8f81ed92e0e2,2258,2025-04-02 22:46:32.525,2025-04-02 22:46:36.950,4.425
c488b456-7651-4424-8cc9-8f81ed92e0e2,2259,2025-04-02 22:46:36.953,2025-04-02 22:46:39.009,2.056
c488b456-7651-4424-8cc9-8f81ed92e0e2,2260,2025-04-02 22:46:39.011,2025-04-02 22:46:43.464,4.453
c488b456-7651-4424-8cc9-8f81ed92e0e2,2261,2025-04-02 22:46:43.467,2025-04-02 22:46:48.198,4.731
c488b456-7651-4424-8cc9-8f81ed92e0e2,2262,2025-04-02 22:46:48.200,2025-04-02 22:46:51.523,3.323
c488b456-7651-4424-8cc9-8f81ed92e0e2,2263,2025-04-02 22:46:51.525,2025-04-02 22:46:55.087,3.562
c488b456-7651-4424-8cc9-8f81ed92e0e2,2264,2025-04-02 22:46:55.090,2025-04-02 22:47:03.693,8.603
c488b456-7651-4424-8cc9-8f81ed92e0e2,2265,2025-04-02 22:47:03.696,2025-04-02 22:47:07.170,3.474
c488b456-7651-4424-8cc9-8f81ed92e0e2,2266,2025-04-02 22:47:07.171,2025-04-02 22:47:12.154,4.983
c488b456-7651-4424-8cc9-8f81ed92e0e2,2267,2025-04-02 22:47:12.157,2025-04-02 22:47:14.464,2.307
c488b456-7651-4424-8cc9-8f81ed92e0e2,2268,2025-04-02 22:47:14.465,2025-04-02 22:47:20.578,6.113
c488b456-7651-4424-8cc9-8f81ed92e0e2,2269,2025-04-02 22:47:20.582,2025-04-02 22:47:26.770,6.188
c488b456-7651-4424-8cc9-8f81ed92e0e2,2270,2025-04-02 22:47:26.773,2025-04-02 22:47:31.518,4.745
c488b456-7651-4424-8cc9-8f81ed92e0e2,2271,2025-04-02 22:47:31.521,2025-04-02 22:47:33.965,2.444
c488b456-7651-4424-8cc9-8f81ed92e0e2,2272,2025-04-02 22:47:33.966,2025-04-02 22:47:37.044,3.078
c488b456-7651-4424-8cc9-8f81ed92e0e2,2273,2025-04-02 22:47:37.045,2025-04-02 22:47:39.676,2.631
c488b456-7651-4424-8cc9-8f81ed92e0e2,2274,2025-04-02 22:47:39.678,2025-04-02 22:47:45.481,5.803
c488b456-7651-4424-8cc9-8f81ed92e0e2,2275,2025-04-02 22:47:45.484,2025-04-02 22:47:50.018,4.534
c488b456-7651-4424-8cc9-8f81ed92e0e2,2276,2025-04-02 22:47:50.020,2025-04-02 22:47:52.619,2.599
c488b456-7651-4424-8cc9-8f81ed92e0e2,2277,2025-04-02 22:47:52.620,2025-04-02 22:47:55.389,2.769
c488b456-7651-4424-8cc9-8f81ed92e0e2,2278,2025-04-02 22:47:55.391,2025-04-02 22:48:01.864,6.473
c488b456-7651-4424-8cc9-8f81ed92e0e2,2279,2025-04-02 22:48:01.866,2025-04-02 22:48:04.564,2.698
c488b456-7651-4424-8cc9-8f81ed92e0e2,2280,2025-04-02 22:48:04.565,2025-04-02 22:48:08.196,3.631
c488b456-7651-4424-8cc9-8f81ed92e0e2,2281,2025-04-02 22:48:08.198,2025-04-02 22:48:14.852,6.654
c488b456-7651-4424-8cc9-8f81ed92e0e2,2282,2025-04-02 22:48:14.855,2025-04-02 22:48:18.416,3.561
c488b456-7651-4424-8cc9-8f81ed92e0e2,2283,2025-04-02 22:48:18.419,2025-04-02 22:48:21.364,2.945
c488b456-7651-4424-8cc9-8f81ed92e0e2,2284,2025-04-02 22:48:21.366,2025-04-02 22:48:28.856,7.49
c488b456-7651-4424-8cc9-8f81ed92e0e2,2285,2025-04-02 22:48:28.859,2025-04-02 22:48:32.306,3.447
c488b456-7651-4424-8cc9-8f81ed92e0e2,2286,2025-04-02 22:48:32.308,2025-04-02 22:48:36.219,3.911
c488b456-7651-4424-8cc9-8f81ed92e0e2,2287,2025-04-02 22:48:36.221,2025-04-02 22:48:39.239,3.018
c488b456-7651-4424-8cc9-8f81ed92e0e2,2288,2025-04-02 22:48:39.241,2025-04-02 22:48:43.457,4.216
c488b456-7651-4424-8cc9-8f81ed92e0e2,2289,2025-04-02 22:48:43.459,2025-04-02 22:48:46.031,2.572
c488b456-7651-4424-8cc9-8f81ed92e0e2,2290,2025-04-02 22:48:46.032,2025-04-02 22:48:49.916,3.884
c488b456-7651-4424-8cc9-8f81ed92e0e2,2291,2025-04-02 22:48:49.918,2025-04-02 22:48:53.062,3.144
c488b456-7651-4424-8cc9-8f81ed92e0e2,2292,2025-04-02 22:48:53.064,2025-04-02 22:49:02.516,9.452
